pole_id,bus,feeder,bus_type,phase_count,phase_type,pole_height_ft,pole_height_m,longitude,latitude,depth_in_tree,parent_bus,parent_pole_id,span_ft_to_parent,span_m_to_parent,spacing_template
P0001,e192860,S1,e,3,3-phase,40,12.19,-119.0754097,46.69173926,3,d5710794-3_int,,0,0,
P0002,m1209817,S1,m,3,3-phase,40,12.19,-119.0758362,46.69164238,4,e192860,P0001,64.3,19.6,3ph_h-397_acsr397_acsr397_acsr397_acsr_ABC
P0003,l2801909,S1,l,3,3-phase,40,12.19,-119.0759062,46.69128624,5,m1209817,P0002,82.9,25.27,3ph_h-397_acsr397_acsr397_acsr397_acsr_ABC
P0004,m1209814,S1,m,3,3-phase,40,12.19,-119.0760983,46.69030928,6,l2801909,P0003,227.3,69.28,3ph_h-397_acsr397_acsr397_acsr397_acsr_ABC
P0005,m1209811,S1,m,3,3-phase,40,12.19,-119.0764049,46.68880242,7,m1209814,P0004,350.9,106.95,3ph_h-397_acsr397_acsr397_acsr397_acsr_ABC
P0006,m1209807,S1,m,3,3-phase,40,12.19,-119.0767661,46.68707638,8,m1209811,P0005,402.3,122.62,3ph_h-397_acsr397_acsr397_acsr397_acsr_ABC
P0007,m1209805,S1,m,3,3-phase,40,12.19,-119.0775224,46.6870583,9,m1209807,P0006,144.9,44.17,3ph_h-397_acsr397_acsr397_acsr397_acsr_ABC
P0008,l2823592,S1,l,3,3-phase,40,12.19,-119.0790532,46.68625512,10,m1209805,P0007,346.3,105.55,3ph_h-397_acsr397_acsr397_acsr2/0_acsr_ABC
P0009,l2823592_cap,S1,l,1,1-phase,35,10.67,-119.079055,46.68625,11,l2823592,P0008,0.003,0,
P0010,e192201,S1,e,3,3-phase,40,12.19,-119.0800287,46.68576734,14,d5513564-1_int,,0,0,
P0011,m1209800,S1,m,3,3-phase,40,12.19,-119.0808273,46.68533204,15,e192201,P0010,182.7,55.69,3ph_h-397_acsr397_acsr397_acsr2/0_acsr_ABC
P0012,p829957,S1,p,1,1-phase,35,10.67,-119.0816759,46.68607652,16,m1209800,P0011,33.1,10.09,1ph-xx4_acsr4_acsr_C
P0013,l2839332,S1,l,1,1-phase,35,10.67,-119.0807156,46.6861094,16,m1209800,P0011,179.7,54.77,1ph-xx4_acsr4_acsr_C
P0014,m1209797,S1,m,3,3-phase,40,12.19,-119.0819293,46.68476974,16,m1209800,P0011,247.4,75.41,3ph_h-397_acsr397_acsr397_acsr2/0_acsr_ABC
P0015,m1209791,S1,m,3,3-phase,40,12.19,-119.0829379,46.68432474,17,m1209797,P0014,218.5,66.6,3ph_h-397_acsr397_acsr397_acsr2/0_acsr_ABC
P0016,l3160863,S1,l,1,1-phase,35,10.67,-119.0820659,46.6875899,18,d5746703-1_int,,541.2,164.96,1ph-xx4_acsr4_acsr_C
P0017,m1209790,S1,m,3,3-phase,40,12.19,-119.0837637,46.68393902,18,m1209791,P0015,181.2,55.23,3ph_h-397_acsr397_acsr397_acsr2/0_acsr_ABC
P0018,p903354,S1,p,1,1-phase,35,10.67,-119.0829151,46.68428048,18,m1209791,P0015,11.1,3.38,1ph-4_acsrxx1/0_3w_cs_A
P0019,l2730108,S1,l,1,1-phase,35,10.67,-119.0844061,46.69159994,19,l3160863,P0016,1019.6,310.77,1ph-xx4_acsr4_acsr_C
P0020,m1209788,S1,m,3,3-phase,40,12.19,-119.0846939,46.68360496,19,m1209790,P0017,194,59.13,3ph_h-397_acsr397_acsr397_acsr2/0_acsr_ABC
P0021,l2936270,S1,l,1,1-phase,35,10.67,-119.0826115,46.6836912,19,p903354,P0018,147.3,44.9,1ph-4_acsrxx1/0_3w_cs_A
P0022,l2786204,S1,l,1,1-phase,35,10.67,-119.0850096,46.69269538,20,l2730108,P0019,276.8,84.37,1ph-xx4_acsr4_acsr_C
P0023,m1209787,S1,m,3,3-phase,40,12.19,-119.0863755,46.68298864,20,m1209788,P0020,351.7,107.2,3ph_h-397_acsr397_acsr397_acsr2/0_acsr_ABC
P0024,m1209795,S1,m,1,1-phase,35,10.67,-119.0852669,46.68456954,20,m1209788,P0020,247.1,75.32,1ph-xx4_acsr4_acsr_C
P0025,l3086078,S1,l,1,1-phase,35,10.67,-119.0822217,46.68288854,20,l2936270,P0021,198.8,60.59,1ph-4_acsrxx4_acsr_A
P0026,m1209819,S1,m,1,1-phase,35,10.67,-119.0854995,46.69363256,21,l2786204,P0022,236.4,72.05,1ph-xx4_acsr4_acsr_C
P0027,l2823611,S1,l,3,3-phase,40,12.19,-119.088328,46.68227766,21,m1209787,P0023,408,124.36,3ph_h-397_acsr397_acsr397_acsr2/0_acsr_ABC
P0028,l2936268,S1,l,1,1-phase,35,10.67,-119.0857426,46.68537016,21,m1209795,P0024,205.1,62.51,1ph-xx4_acsr4_acsr_C
P0029,m4118755,S1,m,1,1-phase,35,10.67,-119.0817472,46.68191154,21,l3086078,P0025,242,73.76,1ph-4_acsrxx4_acsr_A
P0030,l2936216,S1,l,1,1-phase,35,10.67,-119.0855799,46.69434362,22,m1209819,P0026,164,49.99,1ph-xx4_acsr4_acsr_C
P0031,l3030204,S1,l,3,3-phase,40,12.19,-119.0895302,46.6816312,22,l2823611,P0027,273.9,83.48,3ph_h-397_acsr397_acsr397_acsr2/0_acsr_ABC
P0032,m1209782,S1,m,1,1-phase,35,10.67,-119.0816437,46.68128676,22,m4118755,P0029,144.8,44.14,1ph-4_acsrxx4_acsr_A
P0033,m1186072,S1,m,3,3-phase,40,12.19,-119.0900308,46.68128498,23,l3030204,P0031,220.5,67.21,3ph_h-397_acsr397_acsr397_acsr2/0_acsr_ABC
P0034,l3217057,S1,l,1,1-phase,35,10.67,-119.0816104,46.68073364,23,m1209782,P0032,127.1,38.74,1ph-4_acsrxx4_acsr_A
P0035,l3217056,S1,l,1,1-phase,35,10.67,-119.0804285,46.68100206,23,m1209782,P0032,241.7,73.67,1ph-2_acsrxx2_acsr_A
P0036,m1209822,S1,m,1,1-phase,35,10.67,-119.0866104,46.7030783,24,226-23745,,1709.4,521.03,1ph-xx4_acsr4_acsr_C
P0037,l2992556,S1,l,1,1-phase,35,10.67,-119.0856707,46.7043255,25,m1209822,P0036,338.2,103.08,1ph-xx4_acsr4_wpal_C
P0038,m1209823,S1,m,1,1-phase,35,10.67,-119.0868673,46.70386394,25,m1209822,P0036,187,57,1ph-xx4_acsr4_acsr_C
P0039,m1186067,S1,m,3,3-phase,40,12.19,-119.0910683,46.68073852,25,d6048634-1_int,,138.4,42.18,3ph_h-397_acsr397_acsr397_acsr2/0_acsr_ABC
P0040,m1209824,S1,m,1,1-phase,35,10.67,-119.0870043,46.70517564,26,m1209823,P0038,302.3,92.14,1ph-xx2_acsr2_acsr_C
P0041,m3032980,S1,m,3,3-phase,40,12.19,-119.0917758,46.68033208,26,m1186067,P0039,164.5,50.14,3ph_h-397_acsr397_acsr397_acsr2/0_acsr_ABC
P0042,m1209828,S1,m,1,1-phase,35,10.67,-119.0868213,46.70876206,27,m1209824,P0040,824.2,251.22,1ph-xx2_acsr2_acsr_C
P0043,m3032977,S1,m,3,3-phase,40,12.19,-119.0960884,46.68104588,27,m3032980,P0041,844.6,257.43,3ph_h-397_acsr397_acsr397_acsr2/0_acsr_ABC
P0044,m3032981,S1,m,3,3-phase,40,12.19,-119.0910751,46.6797604,27,m3032980,P0041,84.9,25.88,3ph_h-397_acsr397_acsr397_acsr2/0_acsr_ABC
P0045,l3253570,S1,l,1,1-phase,35,10.67,-119.0861886,46.70898784,28,m1209828,P0042,131.8,40.17,1ph-xx2_acsr2_acsr_C
P0046,l2861157,S1,l,1,1-phase,35,10.67,-119.0880439,46.70902464,28,m1209828,P0042,241.8,73.7,1ph-xx2_acsr2_acsr_C
P0047,m1166366,S1,m,3,3-phase,40,12.19,-119.1013242,46.68152696,28,m3032977,P0043,1009.3,307.63,3ph_h-397_acsr397_acsr397_acsr2/0_acsr_ABC
P0048,l2937757,S1,l,1,1-phase,35,10.67,-119.085172,46.70993024,29,l3253570,P0045,291,88.7,1ph-xx2_acsr2_acsr_C
P0049,p901951,S1,p,1,1-phase,35,10.67,-119.0898638,46.70986304,29,l2861157,P0046,398.1,121.34,1ph-xx2_acsr2_acsr_C
P0050,m1166368,S1,m,3,3-phase,40,12.19,-119.1020214,46.68161568,29,m1166366,P0047,135.1,41.18,3ph_h-397_acsr397_acsr397_acsr2/0_acsr_ABC
P0051,p830058,S1,p,1,1-phase,35,10.67,-119.1013184,46.6816545,29,m1166366,P0047,29.3,8.93,1ph-xx4_wpal4_wpal_C
P0052,m1186065,S1,m,3,3-phase,40,12.19,-119.0893628,46.67936536,29,d6504019-6_int,,526.3,160.42,3ph_h-397_acsr397_acsr397_acsr2/0_acsr_ABC
P0053,l3067448,S1,l,1,1-phase,35,10.67,-119.084263,46.71080208,30,l2937757,P0048,265.3,80.86,1ph-xx2_acsr2_acsr_C
P0054,m1186078,S1,m,1,1-phase,35,10.67,-119.0911846,46.712111,30,p901951,P0049,575.6,175.44,1ph-xx4_wpal4_wpal_C
P0055,l3086098,S1,l,1,1-phase,35,10.67,-119.1020226,46.68090962,30,m1166368,P0050,162.1,49.41,1ph-2_acsrxx2_acsr_A
P0056,l2973833,S1,l,3,3-phase,40,12.19,-119.1038052,46.68181916,30,m1166368,P0050,344.8,105.1,3ph_h-397_acsr397_acsr397_acsr2/0_acsr_ABC
P0057,m1166370,S1,m,1,1-phase,35,10.67,-119.1013127,46.68178112,30,p830058,P0051,29.1,8.87,1ph-xx4_wpal4_wpal_C
P0058,m1186064,S1,m,3,3-phase,40,12.19,-119.0883409,46.67886708,30,m1186065,P0052,226.7,69.1,3ph_h-397_acsr397_acsr397_acsr2/0_acsr_ABC
P0059,p829977,S1,p,3,3-phase,40,12.19,-119.0904562,46.6784125,30,m1186065,P0052,302.9,92.32,3ph_h-2/0_acsr2/0_acsr2/0_acsr4_acsr_ABC
P0060,l2763407,S1,l,1,1-phase,35,10.67,-119.0805461,46.7116136,31,l3067448,P0053,835,254.51,1ph-xx2_acsr2_acsr_C
P0061,l2806553,S1,l,1,1-phase,35,10.67,-119.0918029,46.71317582,31,m1186078,P0054,271.6,82.78,1ph-xx4_wpal4_wpal_C
P0062,m1166373,S1,m,3,3-phase,40,12.19,-119.1045127,46.68186144,31,l2973833,P0056,135.8,41.39,3ph_h-397_acsr397_acsr397_acsr2/0_acsr_ABC
P0063,m1166364,S1,m,1,1-phase,35,10.67,-119.1013504,46.68128628,31,m1166370,P0057,155.9,47.52,1ph-xx2_acsr2_acsr_C
P0064,l3067506,S1,l,1,1-phase,35,10.67,-119.1012812,46.68529536,31,m1166370,P0057,807,245.97,1ph-xx4_wpal4_wpal_C
P0065,m1186063,S1,m,3,3-phase,40,12.19,-119.0882596,46.67883856,31,m1186064,P0058,16.9,5.15,3ph_h-397_acsr397_acsr397_acsr2/0_acsr_ABC
P0066,m1186061,S1,m,3,3-phase,40,12.19,-119.0912744,46.67759044,31,p829977,P0059,245.3,74.77,3ph_h-2_acsr2_acsr4_acsr4_acsr_ABC
P0067,m1166391,S1,m,1,1-phase,35,10.67,-119.1017149,46.71669726,32,l2806553,P0061,2063.3,628.89,1ph-xx4_wpal4_acsr_C
P0068,m1166374,S1,m,3,3-phase,40,12.19,-119.1046724,46.68187098,32,m1166373,P0062,30.7,9.36,3ph_h-397_acsr397_acsr397_acsr2/0_acsr_ABC
P0069,m1166369,S1,m,1,1-phase,35,10.67,-119.1046384,46.68176208,32,m1166373,P0062,33.7,10.27,1ph-4_wpalxx4_wpal_A
P0070,m1166358,S1,m,1,1-phase,35,10.67,-119.1014661,46.68022404,32,m1166364,P0063,244.9,74.65,1ph-xx2_acsr2_acsr_C
P0071,m1166386,S1,m,1,1-phase,35,10.67,-119.102033,46.68486282,32,l3067506,P0064,174.9,53.31,1ph-xx4_acsr4_acsr_C
P0072,p829979,S1,p,1,1-phase,35,10.67,-119.0882564,46.67878262,32,m1186063,P0065,12.8,3.9,1ph-x2_acsrx2_acsr_B
P0073,m1209776,S1,m,3,3-phase,40,12.19,-119.0872573,46.67858826,32,m1186063,P0065,200.4,61.08,3ph_h-397_acsr397_acsr397_acsr2/0_acsr_ABC
P0074,l2861223,S1,l,1,1-phase,35,10.67,-119.0917642,46.6772668,32,m1186061,P0066,119.7,36.48,1ph-x4_acsrx4_acsr_B
P0075,l3139366,S1,l,3,3-phase,40,12.19,-119.0903993,46.67571756,32,m1186061,P0066,461.5,140.67,3ph_h-2_acsr2_acsr2_acsr2_acsr_ABC
P0076,l3254873,S1,l,1,1-phase,35,10.67,-119.1034851,46.71704652,33,m1166391,P0067,348.3,106.16,1ph-xx4_wpal4_acsr_C
P0077,m1166394,S1,m,1,1-phase,35,10.67,-119.1026317,46.71766214,33,m1166391,P0067,283.3,86.35,1ph-xx4_acsr4_acsr_C
P0078,l2786266,S1,l,3,3-phase,40,12.19,-119.1058218,46.68199478,33,m1166374,P0068,221.9,67.64,3ph_h-397_acsr397_acsr397_acsr2/0_acsr_ABC
P0079,p829978,S1,p,1,1-phase,35,10.67,-119.1046204,46.68170442,33,m1166369,P0069,13.7,4.18,1ph-4_wpalxx4_wpal_A
P0080,l2839305,S1,l,1,1-phase,35,10.67,-119.1051966,46.68116646,33,m1166369,P0069,195.5,59.59,1ph-4_wpalxx4_wpal_A
P0081,l3030205,S1,l,1,1-phase,35,10.67,-119.1023517,46.6797476,33,m1166358,P0070,201.8,61.51,1ph-xx2_acsr2_acsr_C
P0082,l3048966,S1,l,1,1-phase,35,10.67,-119.1028479,46.6842702,33,m1166386,P0071,207.1,63.12,1ph-xx4_acsr4_acsr_C
P0083,l2898515,S1,l,1,1-phase,35,10.67,-119.1024577,46.6875866,33,m1166386,P0071,656.2,200.01,1ph-xx4_acsr4_acsr_C
P0084,m3036172,S1,m,1,1-phase,35,10.67,-119.0882291,46.67831776,33,p829979,P0072,106.9,32.58,1ph-x2_acsrx2_acsr_B
P0085,m1209775,S1,m,3,3-phase,40,12.19,-119.0861252,46.67848398,33,m1209776,P0073,218.1,66.48,3ph_h-397_acsr397_acsr397_acsr2/0_acsr_ABC
P0086,m4362177,S1,m,3,3-phase,40,12.19,-119.0901658,46.67407694,33,l3139366,P0075,379.3,115.61,3ph_h-2_acsr2_acsr2_acsr2_acsr_ABC
P0087,m1166393,S1,m,1,1-phase,35,10.67,-119.1040179,46.7172401,34,l3254873,P0076,111.3,33.92,1ph-xx4_wpal4_acsr_C
P0088,m1166398,S1,m,1,1-phase,35,10.67,-119.1018492,46.71834258,34,m1166394,P0077,216.5,65.99,1ph-xx4_acsr4_acsr_C
P0089,m1166375,S1,m,3,3-phase,40,12.19,-119.1064092,46.68205734,34,l2786266,P0078,113.4,34.56,3ph_h-397_acsr397_acsr397_acsr2/0_acsr_ABC
P0090,l2992656,S1,l,1,1-phase,35,10.67,-119.1043812,46.68093756,34,p829978,P0079,181.9,55.44,1ph-4_wpalxx4_wpal_A
P0091,m1166361,S1,m,1,1-phase,35,10.67,-119.106887,46.68086428,34,l2839305,P0080,331.1,100.92,1ph-4_wpalxx4_wpal_A
P0092,m1166387,S1,m,1,1-phase,35,10.67,-119.1025047,46.68843754,34,l2898515,P0083,195.6,59.62,1ph-xx4_acsr4_acsr_C
P0093,l3086079,S1,l,1,1-phase,35,10.67,-119.0882712,46.67830164,34,m3036172,P0084,8.9,2.71,1ph-x4_acsrx4_acsr_B
P0094,m1209763,S1,m,1,1-phase,35,10.67,-119.0863755,46.67749588,34,m3036172,P0084,402,122.53,1ph-x4_acsrx4_acsr_B
P0095,m1209774,S1,m,3,3-phase,40,12.19,-119.0833936,46.67811852,34,m1209775,P0085,531.7,162.06,3ph_h-397_acsr397_acsr397_acsr2/0_acsr_ABC
P0096,m1186052,S1,m,3,3-phase,40,12.19,-119.0901074,46.67314206,34,m4362177,P0086,214.9,65.5,3ph_h-2_acsr2_acsr2_acsr2_acsr_ABC
P0097,l2745811,S1,l,1,1-phase,35,10.67,-119.1055504,46.716076,35,m1166393,P0087,405.4,123.57,1ph-xx2_acsr2_acsr_C
P0098,m1166395,S1,m,1,1-phase,35,10.67,-119.103118,46.71780292,35,m1166393,P0087,215.4,65.65,1ph-xx2_acsr2_acsr_C
P0099,l3142050,S1,l,1,1-phase,35,10.67,-119.1009512,46.7190103,35,m1166398,P0088,230.4,70.23,1ph-xx4_acsr4_acsr_C
P0100,l2842383,S1,l,3,3-phase,40,12.19,-119.1080248,46.68237166,35,m1166375,P0089,317.7,96.83,3ph_h-397_acsr397_acsr397_acsr2/0_acsr_ABC
P0101,p895080,S1,p,1,1-phase,35,10.67,-119.1064137,46.68219676,35,m1166375,P0089,32,9.75,1ph-2_acsrxx2_acsr_A
P0102,m1166356,S1,m,1,1-phase,35,10.67,-119.1041407,46.68011148,35,l2992656,P0090,195.2,59.5,1ph-4_wpalxx4_wpal_A
P0103,l2989600,S1,l,1,1-phase,35,10.67,-119.1071373,46.68098334,35,m1166361,P0091,55.2,16.82,1ph-4_wpalxx4_wpal_A
P0104,l2692661,S1,l,1,1-phase,35,10.67,-119.107378,46.68176252,35,m1166361,P0091,226.6,69.07,1ph-4_wpalxx4_wpal_A
P0105,l3198347,S1,l,1,1-phase,35,10.67,-119.1044357,46.68887796,35,m1166387,P0092,383.4,116.86,1ph-xx4_acsr4_acsr_C
P0106,l3048946,S1,l,1,1-phase,35,10.67,-119.1025821,46.68965676,35,m1166387,P0092,280.3,85.44,1ph-xx4_acsr4_acsr_C
P0107,l2936276,S1,l,1,1-phase,35,10.67,-119.0894096,46.67786608,35,l3086079,P0093,239.9,73.12,1ph-x4_acsrx4_acsr_B
P0108,l2936275,S1,l,1,1-phase,35,10.67,-119.0847642,46.67682492,35,m1209763,P0094,344.9,105.13,1ph-x4_acsrx4_acsr_B
P0109,l3123509,S1,l,3,3-phase,40,12.19,-119.0823296,46.67801428,35,m1209774,P0095,205.2,62.54,3ph_h-397_acsr397_acsr397_acsr2/0_acsr_ABC
P0110,m4122657,S1,m,1,1-phase,35,10.67,-119.1062174,46.71553226,36,l2745811,P0097,178.6,54.44,1ph-xx2_acsr2_acsr_C
P0111,m1166396,S1,m,1,1-phase,35,10.67,-119.1032177,46.71787584,36,m1166395,P0098,25.4,7.74,1ph-xx2_acsr2_acsr_C
P0112,m1166400,S1,m,1,1-phase,35,10.67,-119.102353,46.71876628,36,m1166395,P0098,265.3,80.86,1ph-xx2_acsr2_acsr_C
P0113,l2917333,S1,l,1,1-phase,35,10.67,-119.1064526,46.68339366,36,p895080,P0101,274.9,83.79,1ph-2_acsrxx2_acsr_A
P0114,l2730187,S1,l,1,1-phase,35,10.67,-119.1032706,46.68016964,36,m1166356,P0102,167.2,50.96,1ph-4_acsrxx4_acsr_A
P0115,l3104856,S1,l,1,1-phase,35,10.67,-119.1051724,46.67933094,36,m1166356,P0102,266.7,81.29,1ph-4_acsrxx4_acsr_A
P0116,l2727019,S1,l,1,1-phase,35,10.67,-119.1040989,46.67923582,36,m1166356,P0102,201.2,61.33,1ph-4_acsrxx4_acsr_A
P0117,m1166362,S1,m,1,1-phase,35,10.67,-119.108839,46.68103922,36,l2989600,P0103,326.1,99.4,1ph-4_acsrxx4_acsr_A
P0118,l3179674,S1,l,1,1-phase,35,10.67,-119.0833718,46.67624654,36,l2936275,P0108,297.9,90.8,1ph-x4_acsrx4_acsr_B
P0119,m1209772,S1,m,3,3-phase,40,12.19,-119.0807731,46.67790804,36,l3123509,P0109,299.1,91.17,3ph_h-397_acsr397_acsr397_acsr2/0_acsr_ABC
P0120,l3011293,S1,l,3,3-phase,40,12.19,-119.0831217,46.67891052,36,221-242079,,186.2,56.75,3p_1/0_axnj_db_ABC
P0121,l3027124,S1,l,1,1-phase,35,10.67,-119.1085821,46.71412868,37,m4122657,P0110,724.4,220.8,1ph-xx2_acsr2_acsr_C
P0122,m1166399,S1,m,1,1-phase,35,10.67,-119.1041778,46.71840648,37,m1166396,P0111,220.6,67.24,1ph-xx2_acsr2_acsr_C
P0123,l3179637,S1,l,1,1-phase,35,10.67,-119.1016563,46.71964526,37,m1166400,P0112,241.9,73.73,1ph-xx2_acsr2_acsr_C
P0124,e184626,S1,e,3,3-phase,40,12.19,-119.1089321,46.6823701,37,d6023352-1_int,,0,0,
P0125,m1166355,S1,m,1,1-phase,35,10.67,-119.109635,46.67980144,37,m1166362,P0117,338.9,103.3,1ph-4_acsrxx4_acsr_A
P0126,l2898522,S1,l,1,1-phase,35,10.67,-119.1096385,46.68176404,37,m1166362,P0117,226.2,68.95,1ph-4_acsrxx4_acsr_A
P0127,m1209758,S1,m,1,1-phase,35,10.67,-119.0816256,46.6753494,37,l3179674,P0118,393.4,119.91,1ph-x2_acsrx2_acsr_B
P0128,e192258,S1,e,3,3-phase,40,12.19,-119.0777952,46.67772024,37,m1209772,P0119,572,174.35,3ph_h-397_acsr397_acsr397_acsr2/0_acsr_ABC
P0129,l3234149,S1,l,3,3-phase,40,12.19,-119.0906349,46.67244114,37,221-311359,,158.1,48.19,3p_1/0_axnj_db_ABC
P0130,l3048890,S1,l,1,1-phase,35,10.67,-119.1054323,46.71898146,38,m1166399,P0122,274.1,83.55,1ph-xx2_acsr2_acsr_C
P0131,m1166377,S1,m,3,3-phase,40,12.19,-119.1091086,46.68236204,38,e184626,P0124,33.9,10.33,3ph_h-397_acsr397_acsr397_acsr2/0_acsr_ABC
P0132,l2858200,S1,l,1,1-phase,35,10.67,-119.1092078,46.6782843,38,m1166355,P0125,367.5,112.01,1ph-4_acsrxx4_acsr_A
P0133,l2805035,S1,l,1,1-phase,35,10.67,-119.1097583,46.67887444,38,m1166355,P0125,214.1,65.26,1ph-4_acsrxx4_acsr_A
P0134,m1209753,S1,m,1,1-phase,35,10.67,-119.0817037,46.67362044,38,m1209758,P0127,397.3,121.1,1ph-x2_acsrx2_acsr_B
P0135,m1209der480-1,S1,m,3,3-phase,40,12.19,-119.0767151,46.6777131,38,e192258,P0128,0,0,
P0136,m1166402,S1,m,1,1-phase,35,10.67,-119.1062601,46.7195368,39,l3048890,P0130,203.4,62,1ph-xx2_acsr2_acsr_C
P0137,m1166376,S1,m,3,3-phase,40,12.19,-119.1096861,46.68233676,39,m1166377,P0131,110.8,33.77,3ph_h-397_acsr397_acsr397_acsr2/0_acsr_ABC
P0138,m1209748,S1,m,1,1-phase,35,10.67,-119.0818341,46.6706806,39,m1209753,P0134,675.9,206.01,1ph-x2_acsrx2_acsr_B
P0139,m1209752,S1,m,1,1-phase,35,10.67,-119.0838684,46.6728463,39,m1209753,P0134,507.7,154.75,1ph-x2_acsrx2_acsr_B
P0140,m1209-dies1,S1,m,3,3-phase,40,12.19,-119.0761929,46.6777131,39,m1209der480-1,P0135,0,0,
P0141,l3048889,S1,l,1,1-phase,35,10.67,-119.1074316,46.72044908,40,m1166402,P0136,307.1,93.6,1ph-xx2_acsr2_acsr_C
P0142,l2842384,S1,l,3,3-phase,40,12.19,-119.1097759,46.68233284,40,m1166376,P0137,17.2,5.24,3ph_h-397_acsr397_acsr397_acsr2/0_acsr_ABC
P0143,l3142099,S1,l,1,1-phase,35,10.67,-119.0832084,46.67072098,40,m1209748,P0138,263.3,80.25,1ph-x2_acsrx2_acsr_B
P0144,m1209751,S1,m,1,1-phase,35,10.67,-119.0863755,46.67201596,40,m1209752,P0139,516.6,157.46,1ph-x2_acsrx2_acsr_B
P0145,m1166407,S1,m,1,1-phase,35,10.67,-119.1088023,46.72095418,41,l3048889,P0141,287,87.48,1ph-xx2_acsr2_acsr_C
P0146,m1149236,S1,m,3,3-phase,40,12.19,-119.1109343,46.68226664,41,l2842384,P0142,222.4,67.79,3ph_h-397_acsr397_acsr397_acsr2/0_acsr_ABC
P0147,m1209750,S1,m,1,1-phase,35,10.67,-119.086437,46.6719961,41,m1209751,P0144,12.6,3.84,1ph-x2_acsrx2_acsr_B
P0148,l3064514,S1,l,1,1-phase,35,10.67,-119.112272,46.72544138,42,m1166407,P0145,1228.6,374.48,1ph-xx4_wpal4_acsr_C
P0149,l2952007,S1,l,1,1-phase,35,10.67,-119.1113805,46.72097902,42,m1166407,P0145,493.8,150.51,1ph-xx4_acsr4_acsr_C
P0150,p829974,S1,p,1,1-phase,35,10.67,-119.1109185,46.68220684,42,m1149236,P0146,14.1,4.3,1ph-4_acsrxx4_acsr_A
P0151,m1149235,S1,m,3,3-phase,40,12.19,-119.1116456,46.68224172,42,m1149236,P0146,136.4,41.57,3ph_h-397_acsr397_acsr397_acsr2/0_acsr_ABC
P0152,m1209749,S1,m,1,1-phase,35,10.67,-119.0863755,46.6718856,42,m1209750,P0147,28,8.53,1ph-x2_acsrx2_acsr_B
P0153,l3086075,S1,l,1,1-phase,35,10.67,-119.0871542,46.67353218,42,m1209750,P0147,378.4,115.34,1ph-x2_acsrx2_acsr_B
P0154,l3048888,S1,l,1,1-phase,35,10.67,-119.1128654,46.72618202,43,l3064514,P0148,204.5,62.33,1ph-xx4_wpal4_acsr_C
P0155,l2861158,S1,l,1,1-phase,35,10.67,-119.1135474,46.72103634,43,l2952007,P0149,415.2,126.55,1ph-xx4_acsr4_acsr_C
P0156,l2805034,S1,l,1,1-phase,35,10.67,-119.1106745,46.68128346,43,p829974,P0150,217.1,66.17,1ph-4_acsrxx4_acsr_A
P0157,p829975,S1,p,1,1-phase,35,10.67,-119.1115866,46.6823162,43,m1149235,P0151,20.5,6.25,1ph-xx4_acsr4_acsr_C
P0158,l2748840,S1,l,1,1-phase,35,10.67,-119.084784,46.6693056,43,m1209749,P0152,666.6,203.18,1ph-x2_acsrx2_acsr_B
P0159,m1149249,S1,m,1,1-phase,35,10.67,-119.113966,46.72746802,44,l3048888,P0154,362.8,110.58,1ph-xx4_acsr4_acsr_C
P0160,l3160871,S1,l,1,1-phase,35,10.67,-119.1114689,46.68246466,44,p829975,P0157,40.9,12.47,1ph-xx4_acsr4_acsr_C
P0161,m1142880,S1,m,1,1-phase,35,10.67,-119.1158754,46.73035614,45,m1149249,P0159,761.8,232.2,1ph-xx4_acsr4_acsr_C
P0162,l3030203,S1,l,1,1-phase,35,10.67,-119.1118364,46.68370602,45,l3160871,P0160,293.5,89.46,1ph-xx4_acsr4_acsr_C
P0163,l2764411,S1,l,1,1-phase,35,10.67,-119.1174134,46.73153992,46,m1142880,P0161,400.8,122.16,1ph-xx4_acsr4_acsr_C
P0164,l2891575,S1,l,1,1-phase,35,10.67,-119.1172165,46.72949188,46,m1142880,P0161,324.5,98.91,1ph-xx4_acsr4_acsr_C
P0165,l3179673,S1,l,1,1-phase,35,10.67,-119.1120871,46.68445132,46,l3030203,P0162,177.7,54.16,1ph-xx4_acsr4_acsr_C
P0166,l2767343,S1,l,1,1-phase,35,10.67,-119.1177704,46.73226614,47,l2764411,P0163,180.2,54.92,1ph-xx4_acsr4_acsr_C
P0167,m1149233,S1,m,3,3-phase,40,12.19,-119.1129483,46.68218458,47,r42247,,130.4,39.75,3ph_h-397_acsr397_acsr397_acsr2/0_acsr_ABC
P0168,l2804957,S1,l,1,1-phase,35,10.67,-119.1183422,46.73310458,48,l2767343,P0166,221.4,67.48,1ph-xx4_acsr4_acsr_C
P0169,l3048965,S1,l,3,3-phase,40,12.19,-119.114612,46.6820779,48,m1149233,P0167,319.5,97.38,3ph_h-397_acsr397_acsr397_acsr2/0_acsr_ABC
P0170,l3048937,S1,l,1,1-phase,35,10.67,-119.1188261,46.73385528,49,l2804957,P0168,195.7,59.65,1ph-xx2_acsr2_acsr_C
P0171,m1142843,S1,m,3,3-phase,40,12.19,-119.1154851,46.6819893,49,l3048965,P0169,168.4,51.33,3ph_h-397_acsr397_acsr397_acsr2/0_acsr_ABC
P0172,l3176661,S1,l,1,1-phase,35,10.67,-119.1201458,46.73494074,50,l3048937,P0170,354.9,108.17,1ph-xx2_acsr2_acsr_C
P0173,p829976,S1,p,1,1-phase,35,10.67,-119.1155788,46.6818716,50,m1142843,P0171,32.4,9.88,1ph-4_acsrxx4_acsr_A
P0174,l2955077,S1,l,3,3-phase,40,12.19,-119.1165373,46.68259678,50,m1142843,P0171,245.1,74.71,3ph_h-397_acsr397_acsr397_acsr2/0_acsr_ABC
P0175,l2692660,S1,l,1,1-phase,35,10.67,-119.1149293,46.68274862,50,m1142843,P0171,260.4,79.37,1ph-4_acsrxx4_acsr_A
P0176,l3081380,S1,l,3,3-phase,40,12.19,-119.1172784,46.68147938,50,m1142843,P0171,362.8,110.58,3ph_h-397_acsr397_acsr397_acsr2/0_acsr_ABC
P0177,l2970804,S1,l,1,1-phase,35,10.67,-119.1207862,46.73590344,51,l3176661,P0172,252.8,77.05,1ph-xx2_acsr2_acsr_C
P0178,l2955078,S1,l,1,1-phase,35,10.67,-119.116098,46.68121912,51,p829976,P0173,179.8,54.8,1ph-4_acsrxx4_acsr_A
P0179,m1142851,S1,m,3,3-phase,40,12.19,-119.11739,46.68308242,51,l2955077,P0174,197.7,60.26,3ph_h-397_acsr397_acsr397_acsr2/0_acsr_ABC
P0180,l2955076,S1,l,1,1-phase,35,10.67,-119.1154831,46.68482166,51,l2692660,P0175,487.6,148.62,1ph-2_acsrxx2_acsr_A
P0181,e193509,S1,e,3,3-phase,40,12.19,-119.1188178,46.68118946,52,d5799561-2_int,,0,0,
P0182,m1142839,S1,m,3,3-phase,40,12.19,-119.1198517,46.68096224,53,e193509,P0181,204.8,62.42,3ph_h-397_acsr397_acsr397_acsr2/0_acsr_ABC
P0183,l3067507,S1,l,1,1-phase,35,10.67,-119.119966,46.68155562,54,m1142839,P0182,138,42.06,1ph-xx2/0_acsr1/0_tpx_C
P0184,m1142832,S1,m,3,3-phase,40,12.19,-119.1210642,46.6807069,54,m1142839,P0182,239.5,73,3ph_h-397_acsr397_acsr397_acsr2/0_acsr_ABC
P0185,l3160872,S1,l,3,3-phase,40,12.19,-119.1178673,46.68336398,55,q1301,,46.4,14.14,3ph_h-397_acsr397_acsr397_acsr2/0_acsr_ABC
P0186,l3160865,S1,l,3,3-phase,40,12.19,-119.1221701,46.68044628,55,m1142832,P0184,220.1,67.09,3ph_h-397_acsr397_acsr397_acsr2/0_acsr_ABC
P0187,p829962,S1,p,1,1-phase,35,10.67,-119.1210984,46.68076592,55,m1142832,P0184,15,4.57,1ph-xx4_acsr4_acsr_C
P0188,m1142860,S1,m,3,3-phase,40,12.19,-119.1186866,46.68383374,56,l3160872,P0185,190.4,58.03,3ph_h-397_acsr397_acsr397_acsr2/0_acsr_ABC
P0189,m1142828,S1,m,3,3-phase,40,12.19,-119.1234631,46.67892854,56,l3160865,P0186,428.5,130.61,3ph_h-397_acsr397_acsr397_acsr2/0_wpal_ABC
P0190,m1142835,S1,m,1,1-phase,35,10.67,-119.1211441,46.68084476,56,p829962,P0187,20.1,6.13,1ph-xx4_acsr4_acsr_C
P0191,p895114,S1,p,1,1-phase,35,10.67,-119.1185962,46.68389002,57,m1142860,P0188,21.6,6.58,1ph-2_acsrxx4/0_tpx_A
P0192,m1142863,S1,m,3,3-phase,40,12.19,-119.1193946,46.68425042,57,m1142860,P0188,165.9,50.57,3ph_h-397_acsr397_acsr397_acsr2/0_acsr_ABC
P0193,l2674047,S1,l,3,3-phase,40,12.19,-119.1234634,46.67892828,57,m1142828,P0189,1,0.3,3ph_h-397_acsr397_acsr397_acsr2/0_acsr_ABC
P0194,l3104853,S1,l,1,1-phase,35,10.67,-119.1214225,46.68132554,57,m1142835,P0190,122.6,37.37,1ph-xx4_acsr4_acsr_C
P0195,m1142833,S1,m,1,1-phase,35,10.67,-119.121257,46.68075822,57,m1142835,P0190,35.5,10.82,1ph-xx4_acsr4_acsr_C
P0196,n1141479,S1,n,1,1-phase,35,10.67,-119.1185148,46.68394068,58,p895114,P0191,19.4,5.91,1ph-2_acsrxx1/0_tpx_A
P0197,m1142865,S1,m,3,3-phase,40,12.19,-119.1203569,46.68477644,58,m1142863,P0192,220.3,67.15,3ph_h-397_acsr397_acsr397_acsr2/0_acsr_ABC
P0198,n1141480,S1,n,1,1-phase,35,10.67,-119.1194496,46.6842032,58,m1142863,P0192,15.1,4.6,1ph-xx4_acsr4_acsr_C
P0199,l2692655,S1,l,3,3-phase,40,12.19,-119.1241075,46.67824474,58,l2674047,P0193,199.6,60.84,3ph_h-397_acsr397_acsr397_acsr2/0_acsr_ABC
P0200,l2767408,S1,l,1,1-phase,35,10.67,-119.1221089,46.68098486,58,m1142833,P0195,171.3,52.21,1ph-xx4_acsr4_acsr_C
P0201,l3198348,S1,l,1,1-phase,35,10.67,-119.1183721,46.68402958,59,n1141479,P0196,34.1,10.39,1ph-2_acsrxx1/0_tpx_A
P0202,p895112,S1,p,1,1-phase,35,10.67,-119.1202613,46.6848724,59,m1142865,P0197,28.6,8.72,1ph-2_acsrxx4_acsr_A
P0203,l3030197,S1,l,3,3-phase,40,12.19,-119.1212274,46.68527276,59,m1142865,P0197,201.9,61.54,3ph_h-397_acsr397_acsr397_acsr2/0_acsr_ABC
P0204,p895113,S1,p,1,1-phase,35,10.67,-119.119524,46.6841393,59,n1141480,P0198,20.5,6.25,1ph-xx4_acsr4_acsr_C
P0205,m1142821,S1,m,3,3-phase,40,12.19,-119.1246812,46.67764802,59,l2692655,P0199,175.6,53.52,3ph_h-397_acsr397_acsr397_acsr2/0_acsr_ABC
P0206,l3217053,S1,l,1,1-phase,35,10.67,-119.1228389,46.6812067,59,l2767408,P0200,148.8,45.35,1ph-xx4_acsr4_acsr_C
P0207,l3048962,S1,l,1,1-phase,35,10.67,-119.1199809,46.6851538,60,p895112,P0202,84,25.6,1ph-2_acsrxx4_acsr_A
P0208,m1142868,S1,m,3,3-phase,40,12.19,-119.1222374,46.68582632,60,l3030197,P0203,231.4,70.53,3ph_h-397_acsr397_acsr397_acsr2/0_acsr_ABC
P0209,l2711225,S1,l,1,1-phase,35,10.67,-119.1203458,46.68343316,60,p895113,P0204,225.9,68.85,1ph-xx4_acsr4_acsr_C
P0210,l2711226,S1,l,3,3-phase,40,12.19,-119.1246996,46.67763042,60,m1142821,P0205,5.4,1.65,3ph_h-397_acsr397_acsr397_acsr2/0_acsr_ABC
P0211,m3037455,S1,m,1,1-phase,35,10.67,-119.1228817,46.68121968,60,l3217053,P0206,8.7,2.65,1ph-xx4_acsr4_acsr_C
P0212,m1142869,S1,m,3,3-phase,40,12.19,-119.1230042,46.68625698,61,m1142868,P0208,177,53.95,3ph_h-397_acsr397_acsr397_acsr2/0_acsr_ABC
P0213,l3030200,S1,l,1,1-phase,35,10.67,-119.1218849,46.68402426,61,l2711225,P0209,324.5,98.91,1ph-xx4_acsr4_acsr_C
P0214,m1142819,S1,m,3,3-phase,40,12.19,-119.1255798,46.67678852,61,l2711226,P0210,256.5,78.18,3ph_h-397_acsr397_acsr397_acsr2/0_acsr_ABC
P0215,l3217052,S1,l,1,1-phase,35,10.67,-119.1241023,46.6812625,61,m3037455,P0211,234,71.32,1ph-xx4_acsr4_acsr_C
P0216,l3086074,S1,l,1,1-phase,35,10.67,-119.1237196,46.6822612,61,m3037455,P0211,288,87.78,1ph-xx4_acsr4_acsr_C
P0217,m1142871,S1,m,3,3-phase,40,12.19,-119.1234219,46.6865031,62,m1142869,P0212,97.9,29.84,3ph_h-397_acsr397_acsr397_acsr2/0_acsr_ABC
P0218,p829960,S1,p,1,1-phase,35,10.67,-119.1256068,46.6768164,62,m1142819,P0214,8.2,2.5,1ph-x4_acsrx4_acsr_B
P0219,l2861219,S1,l,1,1-phase,35,10.67,-119.1247829,46.67622904,62,m1142819,P0214,199.5,60.81,1ph-x2_acsrx2_acsr_B
P0220,m1142818,S1,m,3,3-phase,40,12.19,-119.1264409,46.67599334,62,m1142819,P0214,246,74.98,3ph_h-397_acsr397_acsr397_acsr2/0_acsr_ABC
P0221,p829956,S1,p,1,1-phase,35,10.67,-119.1233733,46.68657768,63,m1142871,P0217,19.5,5.94,1ph-xx4_wpal4_wpal_C
P0222,m1142874,S1,m,3,3-phase,40,12.19,-119.1240278,46.68670774,63,m1142871,P0217,125.2,38.16,3ph_h-397_acsr397_acsr397_acsr2/0_acsr_ABC
P0223,n1141478,S1,n,1,1-phase,35,10.67,-119.1257969,46.6770131,63,p829960,P0218,58,17.68,1ph-x4_acsrx4_acsr_B
P0224,l2955074,S1,l,3,3-phase,40,12.19,-119.1275139,46.67500784,63,m1142818,P0220,305.6,93.15,3ph_h-397_acsr397_acsr397_acsr2/0_acsr_ABC
P0225,l3160861,S1,l,1,1-phase,35,10.67,-119.1228707,46.68734902,64,p829956,P0221,201.6,61.45,1ph-xx4_wpal4_wpal_C
P0226,p895111,S1,p,1,1-phase,35,10.67,-119.1241661,46.68670604,64,m1142874,P0222,26.5,8.08,1ph-xx2_acsr2_acsr_C
P0227,m1142875,S1,m,3,3-phase,40,12.19,-119.1247966,46.6871611,64,m1142874,P0222,180.3,54.96,3ph_h-397_acsr397_acsr397_acsr2/0_acsr_ABC
P0228,m1142826,S1,m,1,1-phase,35,10.67,-119.1271365,46.67839922,64,n1141478,P0223,408.7,124.57,1ph-x4_acsrx4_acsr_B
P0229,p829965,S1,p,3,3-phase,40,12.19,-119.1262359,46.67504932,64,d5504876-1_int,,221.4,67.48,3ph_h-4_acsr4_acsr4_acsr4_wpal_ABC
P0230,l3030199,S1,l,3,3-phase,40,12.19,-119.1285621,46.67408098,64,l2955074,P0224,292.5,89.15,3ph_h-397_acsr397_acsr397_acsr2/0_acsr_ABC
P0231,l2895496,S1,l,1,1-phase,35,10.67,-119.1253629,46.68670852,65,p895111,P0226,229.2,69.86,1ph-xx2_acsr2_acsr_C
P0232,m1125944,S1,m,3,3-phase,40,12.19,-119.1285163,46.68923576,65,m1142875,P0227,860.4,262.25,3ph_h-397_acsr397_acsr397_acsr2/0_acsr_ABC
P0233,l3160864,S1,l,1,1-phase,35,10.67,-119.125837,46.67912766,65,m1142826,P0228,299.8,91.38,1ph-x2_acsrx2_acsr_B
P0234,m1125940,S1,m,1,1-phase,35,10.67,-119.1319858,46.67904166,65,m1142826,P0228,940.5,286.66,1ph-x4_acsrx4_acsr_B
P0235,l2936271,S1,l,3,3-phase,40,12.19,-119.1260262,46.67469068,65,p829965,P0229,91.6,27.92,3ph_h-4_acsr4_acsr4_acsr4_wpal_ABC
P0236,m1125934,S1,m,3,3-phase,40,12.19,-119.1289129,46.67378164,65,l3030199,P0230,96.1,29.29,3ph_h-397_acsr397_acsr397_acsr2/0_acsr_ABC
P0237,m1142873,S1,m,1,1-phase,35,10.67,-119.1262291,46.68670378,66,l2895496,P0231,165.9,50.57,1ph-xx2_acsr2_acsr_C
P0238,m1125947,S1,m,3,3-phase,40,12.19,-119.1312353,46.69018234,66,m1125944,P0232,569.2,173.49,3ph_h-397_acsr397_acsr397_acsr2/0_acsr_ABC
P0239,p901941,S1,p,1,1-phase,35,10.67,-119.1284011,46.68931608,66,m1125944,P0232,28.8,8.78,1ph-2_acsrxx2_acsr_A
P0240,l3254915,S1,l,1,1-phase,35,10.67,-119.1337445,46.68111136,66,m1125940,P0234,582.4,177.52,1ph-x4_acsrx4_acsr_B
P0241,l3048963,S1,l,1,1-phase,35,10.67,-119.1323463,46.6786682,66,m1125940,P0234,110.1,33.56,1ph-x4_acsrx4_acsr_B
P0242,m1142815,S1,m,3,3-phase,40,12.19,-119.1240291,46.67367772,66,l2936271,P0235,457.9,139.57,3ph_h-4_acsr4_acsr4_acsr4_wpal_ABC
P0243,l2730163,S1,l,3,3-phase,40,12.19,-119.129663,46.67312682,66,m1125934,P0236,207.9,63.37,3ph_h-397_acsr397_acsr397_acsr2/0_acsr_ABC
P0244,l3552667,S1,l,1,1-phase,35,10.67,-119.1271767,46.68669464,67,m1142873,P0237,181.5,55.32,1ph-xx2_acsr2_acsr_C
P0245,l3214071,S1,l,3,3-phase,40,12.19,-119.1318334,46.69085696,67,m1125947,P0238,192.6,58.7,3ph_h-397_acsr397_acsr397_acsr2/0_acsr_ABC
P0246,l3251799,S1,l,1,1-phase,35,10.67,-119.1277564,46.68976588,67,p901941,P0239,161,49.07,1ph-2_acsrxx2_acsr_A
P0247,l2917359,S1,l,1,1-phase,35,10.67,-119.1240314,46.6739372,67,m1142815,P0242,59.6,18.17,1ph-2_acsrxx2_acsr_A
P0248,n1141477,S1,n,1,1-phase,35,10.67,-119.1244069,46.67353532,67,m1142815,P0242,79.4,24.2,1ph-4_acsrxx4_acsr_A
P0249,m1142814,S1,m,3,3-phase,40,12.19,-119.1215108,46.67354812,67,m1142815,P0242,483.7,147.43,3ph_h-4_acsr4_acsr4_acsr4_acsr_ABC
P0250,l2992624,S1,l,3,3-phase,40,12.19,-119.1308861,46.67247992,67,l2730163,P0243,277.3,84.52,3ph_h-397_acsr397_acsr397_acsr2/0_acsr_ABC
P0251,l3160862,S1,l,1,1-phase,35,10.67,-119.1305877,46.68667808,68,l3552667,P0244,653.2,199.1,1ph-xx2_acsr2_acsr_C
P0252,m1125952,S1,m,3,3-phase,40,12.19,-119.1323827,46.69147658,68,l3214071,P0245,176.9,53.92,3ph_h-397_acsr397_acsr397_acsr2/0_acsr_ABC
P0253,l2879794,S1,l,1,1-phase,35,10.67,-119.1248491,46.67336866,68,n1141477,P0248,92.9,28.32,1ph-4_acsrxx4_acsr_A
P0254,m1142813,S1,m,3,3-phase,40,12.19,-119.1197952,46.67387988,68,m1142814,P0249,207.6,63.28,3ph_h-4_acsr4_acsr4_acsr4_acsr_ABC
P0255,m1142810,S1,m,3,3-phase,40,12.19,-119.1166528,46.67231744,68,m1142814,P0249,987.3,300.93,3ph_h-4_acsr4_acsr4_acsr4_acsr_ABC
P0256,m1125919,S1,m,3,3-phase,40,12.19,-119.1316263,46.67209128,68,l2992624,P0250,167.5,51.05,3ph_h-397_acsr397_acsr397_acsr2/0_acsr_ABC
P0257,l3104850,S1,l,1,1-phase,35,10.67,-119.1328517,46.68670004,69,l3160862,P0251,433.6,132.16,1ph-xx2_acsr2_acsr_C
P0258,p901936,S1,p,1,1-phase,35,10.67,-119.1323113,46.69152772,69,m1125952,P0252,18,5.49,1ph-xx4_wpal4_wpal_C
P0259,l3214069,S1,l,3,3-phase,40,12.19,-119.1324306,46.69165466,69,m1125952,P0252,41.9,12.77,3ph_h-397_acsr397_acsr397_acsr2/0_acsr_ABC
P0260,m1142811,S1,m,1,1-phase,35,10.67,-119.1252272,46.67300358,69,l2879794,P0253,110.8,33.77,1ph-4_acsrxx4_acsr_A
P0261,m1142der480-1,S1,m,3,3-phase,40,12.19,-119.1187508,46.67387988,69,m1142813,P0254,0,0,
P0262,m1142808,S1,m,1,1-phase,35,10.67,-119.1163856,46.67217094,69,m1142810,P0255,61.2,18.65,1ph-x2_acsrx2_acsr_B
P0263,p829961,S1,p,1,1-phase,35,10.67,-119.1316932,46.67222976,69,m1125919,P0256,34.3,10.45,1ph-2_acsrxx4_wpal_A
P0264,m1125917,S1,m,3,3-phase,40,12.19,-119.1322256,46.67181416,69,m1125919,P0256,131.2,39.99,3ph_h-397_acsr397_acsr397_acsr2/0_acsr_ABC
P0265,m1125955,S1,m,1,1-phase,35,10.67,-119.1318478,46.6918597,70,p901936,P0258,117,35.66,1ph-xx4_wpal4_wpal_C
P0266,m1125960,S1,m,3,3-phase,40,12.19,-119.1326203,46.69236024,70,l3214069,P0259,166,50.6,3ph_h-397_acsr397_acsr397_acsr2/0_acsr_ABC
P0267,l2992657,S1,l,1,1-phase,35,10.67,-119.1253486,46.67227402,70,m1142811,P0260,169.1,51.54,1ph-2_acsrxx2_acsr_A
P0268,l2917330,S1,l,1,1-phase,35,10.67,-119.1261186,46.6721428,70,m1142811,P0260,261.1,79.58,1ph-4_acsrxx4_acsr_A
P0269,m1142-lng1,S1,m,3,3-phase,40,12.19,-119.1177065,46.67387988,70,m1142der480-1,P0261,0,0,
P0270,l3160868,S1,l,1,1-phase,35,10.67,-119.1150187,46.67152178,70,m1142808,P0262,301.2,91.81,1ph-x2_acsrx2_acsr_B
P0271,n1141476,S1,n,1,1-phase,35,10.67,-119.1317566,46.67236082,70,p829961,P0263,32.4,9.88,1ph-2_acsrxx4_wpal_A
P0272,p1197121,S1,p,1,1-phase,35,10.67,-119.1323307,46.67189274,70,m1125917,P0264,27,8.23,1ph-xx2_acsr1/0_tpx_C
P0273,m1125914,S1,m,3,3-phase,40,12.19,-119.1335746,46.6711636,70,m1125917,P0264,298.4,90.95,3ph_h-397_acsr397_acsr397_acsr2/0_acsr_ABC
P0274,m1125957,S1,m,1,1-phase,35,10.67,-119.1317576,46.69192176,71,m1125955,P0265,22.4,6.83,1ph-xx4_wpal4_wpal_C
P0275,l3236004,S1,l,1,1-phase,35,10.67,-119.1303044,46.69088822,71,m1125955,P0265,370.3,112.87,1ph-xx4_wpal4_wpal_C
P0276,m1125962,S1,m,3,3-phase,40,12.19,-119.1326675,46.69253564,71,m1125960,P0266,41.3,12.59,3ph_h-397_acsr397_acsr397_acsr2/0_acsr_ABC
P0277,l2861222,S1,l,1,1-phase,35,10.67,-119.127115,46.67117,71,l2917330,P0268,293.8,89.55,1ph-4_acsrxx4_acsr_A
P0278,l3082988,S1,l,1,1-phase,35,10.67,-119.1146748,46.67127054,71,l3160868,P0270,87.6,26.7,1ph-x2_acsrx2_acsr_B
P0279,l2692654,S1,l,1,1-phase,35,10.67,-119.132246,46.67337324,71,n1141476,P0271,250.6,76.38,1ph-2_acsrxx4_wpal_A
P0280,l2805031,S1,l,1,1-phase,35,10.67,-119.1329453,46.67235206,71,p1197121,P0272,158,48.16,1ph-xx2_acsr1/0_tpx_C
P0281,p829963,S1,p,1,1-phase,35,10.67,-119.1336319,46.67120372,71,m1125914,P0273,14.3,4.36,1ph-x4_acsrx4_acsr_B
P0282,l2917328,S1,l,3,3-phase,40,12.19,-119.1342011,46.6708684,71,m1125914,P0273,137.8,42,3ph_h-397_acsr397_acsr397_acsr2/0_acsr_ABC
P0283,l2936211,S1,l,1,1-phase,35,10.67,-119.1312572,46.69226602,72,m1125957,P0274,124.2,37.86,1ph-xx4_wpal4_wpal_C
P0284,p903490,S1,p,1,1-phase,35,10.67,-119.1326981,46.69245694,72,m1125962,P0276,19,5.79,1ph-xx4_wpal4_wpal_C
P0285,l3123452,S1,l,3,3-phase,40,12.19,-119.1347592,46.6927794,72,m1125962,P0276,404.8,123.38,3ph_h-397_acsr397_acsr397_acsr2/0_acsr_ABC
P0286,m1149225,S1,m,1,1-phase,35,10.67,-119.1145178,46.67029106,72,l3082988,P0278,226.9,69.16,1ph-x2_acsrx2_acsr_B
P0287,m1125929,S1,m,1,1-phase,35,10.67,-119.1322629,46.67340404,72,l2692654,P0279,7.8,2.38,1ph-2_acsrxx4_wpal_A
P0288,m1125916,S1,m,1,1-phase,35,10.67,-119.1337195,46.67126508,72,p829963,P0281,21.9,6.68,1ph-x4_acsrx4_acsr_B
P0289,l2861218,S1,l,3,3-phase,40,12.19,-119.1351648,46.67041432,72,l2917328,P0282,212,64.62,3ph_h-397_acsr397_acsr397_acsr2/0_acsr_ABC
P0290,l2842329,S1,l,1,1-phase,35,10.67,-119.1304088,46.69317894,73,l2936211,P0283,265.2,80.83,1ph-xx4_wpal4_wpal_C
P0291,m1125961,S1,m,1,1-phase,35,10.67,-119.1327113,46.69242288,73,p903490,P0284,8.2,2.5,1ph-xx4_wpal4_wpal_C
P0292,l2767409,S1,l,1,1-phase,35,10.67,-119.114391,46.66932416,73,m1149225,P0286,223.3,68.06,1ph-x2_acsrx2_acsr_B
P0293,l2842379,S1,l,1,1-phase,35,10.67,-119.1342313,46.67481866,73,m1125929,P0287,528.5,161.09,1ph-2_acsrxx2_acsr_A
P0294,m1125913,S1,m,1,1-phase,35,10.67,-119.1335393,46.6710472,73,m1125916,P0288,117,35.66,1ph-x4_acsrx4_acsr_B
P0295,l2879767,S1,l,1,1-phase,35,10.67,-119.1346294,46.6719025,73,m1125916,P0288,227.6,69.37,1ph-x4_acsrx4_acsr_B
P0296,m1125959,S1,m,1,1-phase,35,10.67,-119.1327465,46.69233244,74,m1125961,P0291,21.8,6.64,1ph-xx4_wpal4_wpal_C
P0297,e206217,S1,e,3,3-phase,40,12.19,-119.1358793,46.69295618,74,d6198039-1_int,,0,0,
P0298,m1142800,S1,m,1,1-phase,35,10.67,-119.1156105,46.66846304,74,l2767409,P0292,306,93.27,1ph-x2_acsrx2_acsr_B
P0299,l3068944,S1,l,1,1-phase,35,10.67,-119.1333253,46.67050858,74,m1125913,P0294,130.3,39.72,1ph-x4_acsrx2_wpal_B
P0300,l2767407,S1,l,1,1-phase,35,10.67,-119.1351299,46.67281484,74,l2879767,P0295,230.3,70.2,1ph-x4_acsrx4_acsr_B
P0301,l2861197,S1,l,1,1-phase,35,10.67,-119.1331109,46.69139574,75,m1125959,P0296,226.1,68.92,1ph-xx4_wpal4_wpal_C
P0302,m1125974,S1,m,1,1-phase,35,10.67,-119.1325774,46.6931799,75,m1125959,P0296,212.7,64.83,1ph-xx2_acsr1/0_tpx_C
P0303,m1125969,S1,m,3,3-phase,40,12.19,-119.1368212,46.69310484,75,e206217,P0297,183.6,55.96,3ph_h-397_acsr397_acsr397_acsr2/0_acsr_ABC
P0304,m1142799,S1,m,1,1-phase,35,10.67,-119.116836,46.66760696,75,m1142800,P0298,306.1,93.3,1ph-x2_acsrx2_acsr_B
P0305,m1125911,S1,m,1,1-phase,35,10.67,-119.1333179,46.67047748,75,l3068944,P0299,7.3,2.23,1ph-x4_acsrx2_wpal_B
P0306,l3160896,S1,l,1,1-phase,35,10.67,-119.1336127,46.69043076,76,l2861197,P0301,241.5,73.61,1ph-xx4_wpal4_wpal_C
P0307,m1125979,S1,m,1,1-phase,35,10.67,-119.1332293,46.69335914,76,m1125974,P0302,131.4,40.05,1ph-xx2_acsr2_acsr_C
P0308,l3104796,S1,l,1,1-phase,35,10.67,-119.1325761,46.69318926,76,m1125974,P0302,2.2,0.67,1ph-xx2_acsr1/0_tpx_C
P0309,p895102,S1,p,1,1-phase,35,10.67,-119.1367536,46.69318094,76,m1125969,P0303,21.8,6.64,1ph-x4_acsrx4_acsr_B
P0310,l2767341,S1,l,3,3-phase,40,12.19,-119.1372632,46.69316116,76,m1125969,P0303,85.6,26.09,3ph_h-397_acsr397_acsr397_acsr2/0_acsr_ABC
P0311,m1142798,S1,m,1,1-phase,35,10.67,-119.1185625,46.66760192,76,m1142799,P0304,330.6,100.77,1ph-x2_acsrx2_acsr_B
P0312,l2711224,S1,l,1,1-phase,35,10.67,-119.1327737,46.66904064,76,m1125911,P0305,345.9,105.43,1ph-x4_acsrx4_acsr_B
P0313,l2917255,S1,l,1,1-phase,35,10.67,-119.1327381,46.69459156,77,m1125979,P0307,298.2,90.89,1ph-xx2_acsr2_acsr_C
P0314,m1125978,S1,m,1,1-phase,35,10.67,-119.1366523,46.69329484,77,p895102,P0309,32.6,9.94,1ph-x4_acsrx4_acsr_B
P0315,m1125968,S1,m,3,3-phase,40,12.19,-119.1377606,46.69310232,77,l2767341,P0310,96.2,29.32,3ph_h-397_acsr397_acsr397_acsr2/0_acsr_ABC
P0316,m1142801,S1,m,1,1-phase,35,10.67,-119.118647,46.66873498,77,m1142798,P0311,260.6,79.43,1ph-x2_acsrx2_acsr_B
P0317,m1125905,S1,m,1,1-phase,35,10.67,-119.1316417,46.66927986,77,l2711224,P0312,223.6,68.15,1ph-x4_acsrx4_wpal_B
P0318,m1125982,S1,m,1,1-phase,35,10.67,-119.1358603,46.69418608,78,m1125978,P0314,254.7,77.63,1ph-x4_acsrx4_acsr_B
P0319,l3254869,S1,l,1,1-phase,35,10.67,-119.1369871,46.69194154,78,m1125978,P0314,338.4,103.14,1ph-x4_wpalx4_wpal_B
P0320,m1125976,S1,m,3,3-phase,40,12.19,-119.1384345,46.6932045,78,m1125968,P0315,131.2,39.99,3ph_h-397_acsr397_acsr397_acsr2/0_acsr_ABC
P0321,p895107,S1,p,1,1-phase,35,10.67,-119.1377453,46.69298222,78,m1125968,P0315,27.7,8.44,1ph-xx4_acsr4_acsr_C
P0322,l3217064,S1,l,1,1-phase,35,10.67,-119.1188583,46.67016012,78,m1142801,P0316,329.7,100.49,1ph-x2_acsrx2_acsr_B
P0323,l2917310,S1,l,1,1-phase,35,10.67,-119.1294063,46.66905388,78,m1125905,P0317,431.2,131.43,1ph-x4_acsrx4_wpal_B
P0324,l3142079,S1,l,1,1-phase,35,10.67,-119.1311485,46.6663978,78,m1125905,P0317,797.8,243.17,1ph-x2_acsrx2_acsr_B
P0325,l2748839,S1,l,1,1-phase,35,10.67,-119.1302336,46.66961902,78,m1125905,P0317,280.7,85.56,1ph-x4_acsrx4_wpal_B
P0326,l3142098,S1,l,1,1-phase,35,10.67,-119.1314461,46.66895378,78,m1125905,P0317,83.7,25.51,1ph-x4_acsrx4_wpal_B
P0327,l3029055,S1,l,1,1-phase,35,10.67,-119.1349668,46.69463722,79,m1125982,P0318,200,60.96,1ph-x4_acsrx4_acsr_B
P0328,l2798067,S1,l,1,1-phase,35,10.67,-119.137151,46.690923,79,l3254869,P0319,235.9,71.9,1ph-x2_acsrx2_acsr_B
P0329,p895106,S1,p,1,1-phase,35,10.67,-119.1385678,46.6932251,79,m1125976,P0320,26,7.92,1ph-x4_acsrx4_acsr_B
P0330,m1125987,S1,m,3,3-phase,40,12.19,-119.1393623,46.69555144,79,m1125976,P0320,567.3,172.91,3ph_h-397_acsr397_acsr397_acsr2/0_acsr_ABC
P0331,l3030126,S1,l,1,1-phase,35,10.67,-119.1377169,46.69173756,79,p895107,P0321,287.5,87.63,1ph-xx4_acsr4_acsr_C
P0332,l3200222,S1,l,1,1-phase,35,10.67,-119.1227833,46.6699337,79,l3217064,P0322,753.5,229.67,1ph-x2_acsrx2_acsr_B
P0333,m3036162,S1,m,1,1-phase,35,10.67,-119.1311206,46.66637048,79,l3142079,P0324,8.2,2.5,1ph-x2_acsrx2_acsr_B
P0334,l3048887,S1,l,1,1-phase,35,10.67,-119.1392443,46.6933297,80,p895106,P0329,131.8,40.17,1ph-x4_acsrx4_acsr_B
P0335,m1125989,S1,m,3,3-phase,40,12.19,-119.1395952,46.69649546,80,m1125987,P0330,221.3,67.45,3ph_h-397_acsr397_acsr397_acsr2/0_acsr_ABC
P0336,p901945,S1,p,3,3-phase,40,12.19,-119.1394414,46.69557118,80,m1125987,P0330,15.8,4.82,3ph_h-4_wpal4_wpal4_wpal4_wpal_ABC
P0337,l3254870,S1,l,1,1-phase,35,10.67,-119.1384378,46.69140802,80,l3030126,P0331,157.4,47.98,1ph-xx4_acsr4_acsr_C
P0338,l2879753,S1,l,1,1-phase,35,10.67,-119.1315936,46.665645,80,m3036162,P0333,189.6,57.79,1ph-x2_acsrx2_acsr_B
P0339,l2955055,S1,l,1,1-phase,35,10.67,-119.1304726,46.66666468,80,m3036162,P0333,141.3,43.07,1ph-x2_acsrx2_acsr_B
P0340,m1125966,S1,m,1,1-phase,35,10.67,-119.1394784,46.6929438,81,l3048887,P0334,99.3,30.27,1ph-x4_acsrx1/0_3w_cs_B
P0341,m1125990,S1,m,3,3-phase,40,12.19,-119.1396124,46.69656402,81,m1125989,P0335,16.1,4.91,3ph_h-397_acsr397_acsr397_acsr2/0_acsr_ABC
P0342,m1125988,S1,m,3,3-phase,40,12.19,-119.1395362,46.69559478,81,p901945,P0336,18.9,5.76,3ph_h-4_wpal4_wpal4_wpal4_wpal_ABC
P0343,m1125943,S1,m,1,1-phase,35,10.67,-119.1390725,46.685023,81,l3254870,P0337,1568.2,477.99,1ph-xx2_acsr2_acsr_C
P0344,l2955005,S1,l,1,1-phase,35,10.67,-119.1406118,46.69315998,82,m1125966,P0340,223.4,68.09,1ph-x4_acsrx4_acsr_B
P0345,l3067478,S1,l,3,3-phase,40,12.19,-119.1398349,46.69745486,82,m1125990,P0341,208.9,63.67,3ph_h-397_acsr397_acsr397_acsr2/0_acsr_ABC
P0346,l2898457,S1,l,1,1-phase,35,10.67,-119.1400887,46.69525342,82,m1125988,P0342,154.7,47.15,1ph-4_wpalxx2_wpal_A
P0347,l2767340,S1,l,3,3-phase,40,12.19,-119.1407216,46.69589034,82,m1125988,P0342,236.9,72.21,3ph_h-4_wpal4_wpal4_wpal4_wpal_ABC
P0348,m1108372,S1,m,1,1-phase,35,10.67,-119.1411386,46.6932894,83,l2955005,P0344,105.2,32.06,1ph-x4_acsrx4_acsr_B
P0349,m1125994,S1,m,3,3-phase,40,12.19,-119.1401959,46.69892008,83,l3067478,P0345,343.4,104.67,3ph_h-397_acsr397_acsr397_acsr2/0_acsr_ABC
P0350,m3037449,S1,m,3,3-phase,40,12.19,-119.1407534,46.69589826,83,l2767340,P0347,6.4,1.95,3ph_h-4_wpal4_wpal4_wpal4_wpal_ABC
P0351,l3150961,S1,l,1,1-phase,35,10.67,-119.1385428,46.6846787,83,221-703009,,111.5,33.99,1p_1/0_axnj_db_C
P0352,l3179607,S1,l,1,1-phase,35,10.67,-119.1407535,46.69419648,84,m1108372,P0348,220.9,67.33,1ph-x4_acsrx4_acsr_B
P0353,l3216988,S1,l,1,1-phase,35,10.67,-119.1424561,46.69358456,84,m1108372,P0348,261.2,79.61,1ph-x4_acsrx4_acsr_B
P0354,m1125997,S1,m,3,3-phase,40,12.19,-119.1405816,46.70032046,84,m1125994,P0349,349.3,106.47,3ph_h-397_acsr397_acsr397_acsr2/0_acsr_ABC
P0355,l2730149,S1,l,3,3-phase,40,12.19,-119.1398162,46.69892356,84,m1125994,P0349,72.7,22.16,3ph_h-4_acsr4_acsr4_acsr4_wpal_ABC
P0356,m1108375,S1,m,1,1-phase,35,10.67,-119.1410006,46.6960607,84,m3037449,P0350,60.3,18.38,1ph-xx2_acsr2_acsr_C
P0357,e183472,S1,e,3,3-phase,40,12.19,-119.1417269,46.69892656,85,d5867591-1_int,,0,0,
P0358,l3160793,S1,l,1,1-phase,35,10.67,-119.1417597,46.69562358,85,m1108375,P0356,176.7,53.86,1ph-xx2_acsr2_acsr_C
P0359,e183473,S1,e,3,3-phase,40,12.19,-119.1405949,46.70045366,86,d5535139-1_int,,0,0,
P0360,l2989566,S1,l,3,3-phase,40,12.19,-119.1429037,46.69911832,86,e183472,P0357,512.3,156.15,3ph_h-2/0_acsr2/0_acsr2/0_acsr2_acsr_ABC
P0361,m1108378,S1,m,3,3-phase,40,12.19,-119.1443824,46.6990649,87,l2989566,P0360,283.4,86.38,3ph_h-2/0_acsr2/0_acsr2/0_acsr2_acsr_ABC
P0362,l2859403,S1,l,3,3-phase,40,12.19,-119.1407863,46.70113856,88,r20703,,140.3,42.76,3ph_h-397_acsr397_acsr397_acsr2/0_acsr_ABC
P0363,m1108379,S1,m,3,3-phase,40,12.19,-119.1445639,46.69906914,88,m1108378,P0361,34.8,10.61,3ph_h-2/0_acsr2/0_acsr2/0_acsr2_acsr_ABC
P0364,l2973791,S1,l,3,3-phase,40,12.19,-119.1409339,46.70166684,89,l2859403,P0362,124.5,37.95,3ph_h-397_acsr397_acsr397_acsr2/0_acsr_ABC
P0365,m1108380,S1,m,3,3-phase,40,12.19,-119.1452515,46.69908516,89,m1108379,P0363,131.7,40.14,3ph_h-2/0_acsr2/0_acsr2/0_acsr2_acsr_ABC
P0366,l3179650,S1,l,3,3-phase,40,12.19,-119.1412026,46.70256256,90,l2973791,P0364,212,64.62,3ph_h-397_acsr397_acsr397_acsr2/0_acsr_ABC
P0367,l2898495,S1,l,3,3-phase,40,12.19,-119.1467158,46.69911926,90,m1108380,P0365,280.5,85.5,3ph_h-2/0_acsr2/0_acsr2/0_acsr2_acsr_ABC
P0368,l3232902,S1,l,3,3-phase,40,12.19,-119.1413718,46.7031547,91,l3179650,P0366,139.8,42.61,3ph_h-397_acsr397_acsr397_acsr2/0_acsr_ABC
P0369,m1108400,S1,m,3,3-phase,40,12.19,-119.1469487,46.69827316,91,l2898495,P0367,454.3,138.47,3ph_h-2/0_acsr2/0_acsr2/0_acsr2_acsr_ABC
P0370,l2952003,S1,l,3,3-phase,40,12.19,-119.1491253,46.6990987,91,l2898495,P0367,461.5,140.67,3ph_h-2/0_acsr2/0_acsr2/0_acsr2_acsr_ABC
P0371,l3233412,S1,l,1,1-phase,35,10.67,-119.1446078,46.70076948,91,n1230122,,416.6,126.98,1p_1/0_axnj_db_A
P0372,m4122658,S1,m,3,3-phase,40,12.19,-119.1415268,46.70369536,92,l3232902,P0368,127.6,38.89,3ph_h-397_acsr397_acsr397_acsr2/0_acsr_ABC
P0373,m1108404,S1,m,3,3-phase,40,12.19,-119.1443378,46.69696638,92,m1108400,P0369,274.8,83.76,3ph_h-2/0_acsr2/0_acsr2/0_acsr2_acsr_ABC
P0374,m1108401,S1,m,3,3-phase,40,12.19,-119.147732,46.69827316,92,m1108400,P0369,753.8,229.76,3ph_h-2/0_acsr2/0_acsr2/0_acsr2_acsr_ABC
P0375,m1108381,S1,m,3,3-phase,40,12.19,-119.1509615,46.6991535,92,l2952003,P0370,351.9,107.26,3ph_h-2/0_acsr2/0_acsr2/0_acsr2_acsr_ABC
P0376,m1108413,S1,m,1,1-phase,35,10.67,-119.1443817,46.70087188,92,l3233412,P0371,56.6,17.25,1p_1/0_axnj_db_A
P0377,l2933135,S1,l,3,3-phase,40,12.19,-119.1415366,46.70371776,93,m4122658,P0372,5.5,1.68,3ph_h-397_acsr397_acsr397_acsr2/0_acsr_ABC
P0378,l2708744,S1,l,1,1-phase,35,10.67,-119.1449535,46.69983438,93,n1230123,,183.1,55.81,1p_1/0_axnj_db_B
P0379,m1108402,S1,m,3,3-phase,40,12.19,-119.1487763,46.69783758,93,m1108401,P0374,434.7,132.5,3ph_h-2/0_acsr2/0_acsr2/0_acsr2_acsr_ABC
P0380,l3254237,S1,l,3,3-phase,40,12.19,-119.1520753,46.69859228,93,m1108381,P0375,249.2,75.96,3ph_h-2/0_acsr2/0_acsr2/0_acsr2_acsr_ABC
P0381,m1108460,S1,m,1,1-phase,35,10.67,-119.144821,46.70268282,93,m1108413,P0376,479.3,146.09,1p_1/0_axnj_db_A
P0382,m1108484,S1,m,3,3-phase,40,12.19,-119.1419833,46.70472436,94,l2933135,P0377,246.4,75.1,3ph_h-397_acsr397_acsr397_acsr2/0_acsr_ABC
P0383,l2690187,S1,l,1,1-phase,35,10.67,-119.1456287,46.70046496,94,l2708744,P0378,312.7,95.31,1p_1/0_axnj_db_B
P0384,m1108403,S1,m,3,3-phase,40,12.19,-119.1495596,46.69783758,94,m1108402,P0379,194.7,59.34,3ph_h-2/0_acsr2/0_acsr2/0_acsr2_acsr_ABC
P0385,m1108405,S1,m,3,3-phase,40,12.19,-119.1479931,46.69696638,94,m1108402,P0379,423.2,128.99,3ph_h-2/0_acsr2/0_acsr2/0_acsr2_acsr_ABC
P0386,m1108387,S1,m,3,3-phase,40,12.19,-119.1530436,46.69984872,94,l3254237,P0380,460,140.21,3ph_h-2/0_acsr2/0_acsr2/0_acsr2_acsr_ABC
P0387,l2821087,S1,l,1,1-phase,35,10.67,-119.1443741,46.70298108,94,m1108460,P0381,138.3,42.15,1p_1/0_axnj_db_A
P0388,p829797,S1,p,1,1-phase,35,10.67,-119.1418328,46.7047103,95,m1108484,P0382,29,8.84,1ph-2_acsrxx2_acsr_A
P0389,l2730106,S1,l,3,3-phase,40,12.19,-119.1424954,46.70614602,95,m1108484,P0382,340.8,103.88,3ph_h-397_acsr397_acsr397_acsr2/0_acsr_ABC
P0390,m1108412,S1,m,1,1-phase,35,10.67,-119.1444237,46.70085572,95,l2690187,P0383,293.9,89.58,1p_1/0_axnj_db_B
P0391,m1108407,S1,m,1,1-phase,35,10.67,-119.150604,46.69783758,95,m1108403,P0384,485.3,147.92,1p_1/0_axnj_db_B
P0392,m1108406,S1,m,3,3-phase,40,12.19,-119.150604,46.69696638,95,m1108403,P0384,1062.7,323.91,3ph_h-2/0_acsr2/0_acsr2/0_acsr2_acsr_ABC
P0393,m1108398,S1,m,3,3-phase,40,12.19,-119.1529181,46.7002715,95,m1108387,P0386,100,30.48,3ph_h-2/0_acsr2/0_acsr2/0_acsr2_acsr_ABC
P0394,l2803199,S1,l,3,3-phase,40,12.19,-119.1509601,46.69981482,95,221-308718,,110.5,33.68,3p_1/0_axnj_db_ABC
P0395,l2990098,S1,l,1,1-phase,35,10.67,-119.1455143,46.70282936,95,l2821087,P0387,322.3,98.24,1p_1/0_axnj_db_A
P0396,m1108483,S1,m,1,1-phase,35,10.67,-119.1417334,46.70470102,96,p829797,P0388,19.1,5.82,1ph-2_acsrxx2_acsr_A
P0397,n1142099,S1,n,3,3-phase,40,12.19,-119.1426894,46.7064217,96,l2730106,P0389,73.4,22.37,3ph_h-397_acsr397_acsr397_acsr2/0_acsr_ABC
P0398,l3027670,S1,l,1,1-phase,35,10.67,-119.1443784,46.70155908,96,m1108412,P0390,196.4,59.86,1p_1/0_axnj_db_B
P0399,m1108395,S1,m,3,3-phase,40,12.19,-119.1540697,46.70012254,96,m1108398,P0393,223.2,68.03,3ph_h-2/0_acsr2/0_acsr2/0_acsr2_acsr_ABC
P0400,m1108462,S1,m,1,1-phase,35,10.67,-119.1461665,46.7026924,96,l2990098,P0395,161.8,49.32,1p_1/0_axnj_db_A
P0401,n1142098,S1,n,1,1-phase,35,10.67,-119.1416189,46.70469034,97,m1108483,P0396,22.1,6.74,1ph-2_acsrxx2_acsr_A
P0402,m1108486,S1,m,1,1-phase,35,10.67,-119.1421262,46.7047905,97,m1108483,P0396,104.2,31.76,1ph-2_acsrxx2_acsr_A
P0403,n1142100,S1,n,3,3-phase,40,12.19,-119.1429918,46.70685156,97,n1142099,P0397,114.4,34.87,3ph_h-397_acsr397_acsr397_acsr2/0_acsr_ABC
P0404,m1108459,S1,m,1,1-phase,35,10.67,-119.146068,46.70266396,97,l3027670,P0398,472.6,144.05,1p_1/0_axnj_db_B
P0405,l3215203,S1,l,3,3-phase,40,12.19,-119.152664,46.69980798,97,221-311905,,45.9,13.99,3p_1/0_axnj_db_ABC
P0406,l2728247,S1,l,3,3-phase,40,12.19,-119.154764,46.69903686,97,m1108395,P0399,282.5,86.11,3ph_h-4_acsr4_acsr4_acsr4_acsr_ABC
P0407,m1108410,S1,m,1,1-phase,35,10.67,-119.1542593,46.70175792,97,m1108395,P0399,606.4,184.83,1p_1/0_axnj_db_B
P0408,l2896685,S1,l,3,3-phase,40,12.19,-119.1556193,46.70052562,97,m1108395,P0399,310.8,94.73,3ph_h-2/0_acsr2/0_acsr2/0_acsr2_acsr_ABC
P0409,l3027671,S1,l,1,1-phase,35,10.67,-119.1479677,46.70305508,97,m1108462,P0400,390.4,118.99,1p_1/0_axnj_db_A
P0410,l2936212,S1,l,1,1-phase,35,10.67,-119.1407364,46.70460802,98,n1142098,P0401,170.1,51.85,1ph-2_acsrxx2_acsr_A
P0411,l3067447,S1,l,1,1-phase,35,10.67,-119.1423418,46.70488174,98,m1108486,P0402,46.3,14.11,1ph-2_acsrxx2_acsr_A
P0412,m1108490,S1,m,3,3-phase,40,12.19,-119.1431071,46.70701538,98,n1142100,P0403,43.6,13.29,3ph_h-397_acsr397_acsr397_acsr2/0_acsr_ABC
P0413,l2802480,S1,l,1,1-phase,35,10.67,-119.1464331,46.70190402,98,m1108459,P0404,271,82.6,1p_1/0_axnj_db_B
P0414,l2915542,S1,l,3,3-phase,40,12.19,-119.1520828,46.7002868,98,221-311609,,136.6,41.64,3p_1/0_axnj_db_ABC
P0415,m1089185,S1,m,3,3-phase,40,12.19,-119.1560123,46.70062786,98,l2896685,P0408,78.8,24.02,3ph_h-2/0_acsr2/0_acsr2/0_acsr2_acsr_ABC
P0416,m1108423,S1,m,1,1-phase,35,10.67,-119.1482473,46.70129716,98,l3027671,P0409,438.8,133.75,1p_1/0_axnj_db_A
P0417,l3142049,S1,l,3,3-phase,40,12.19,-119.1434675,46.7075695,99,m1108490,P0412,144.7,44.1,3ph_h-397_acsr397_acsr397_acsr2/0_acsr_ABC
P0418,p829798,S1,p,1,1-phase,35,10.67,-119.143256,46.70697252,99,m1108490,P0412,30.2,9.2,1ph-2_acsrxx2_acsr_A
P0419,l3252336,S1,l,1,1-phase,35,10.67,-119.1467303,46.7009123,99,l2802480,P0413,263.8,80.41,1p_1/0_axnj_db_B
P0420,p850083,S1,p,3,3-phase,40,12.19,-119.1560153,46.70052476,99,m1089185,P0415,23.7,7.22,3ph_h-2/0_acsr2/0_acsr2/0_acsr2_acsr_ABC
P0421,l2802481,S1,l,1,1-phase,35,10.67,-119.1484247,46.70084562,99,m1108423,P0416,135.1,41.18,1p_1/0_axnj_db_A
P0422,m1108493,S1,m,3,3-phase,40,12.19,-119.1441484,46.70863792,100,l3142049,P0417,277.8,84.67,3ph_h-397_acsr397_acsr397_acsr2/0_acsr_ABC
P0423,m1108489,S1,m,1,1-phase,35,10.67,-119.1432602,46.70697126,100,p829798,P0418,0.9,0.27,1ph-2_acsrxx2_acsr_A
P0424,l3233413,S1,l,1,1-phase,35,10.67,-119.1469177,46.70294692,100,l3252336,P0419,556.9,169.74,1p_1/0_axnj_db_B
P0425,l3214549,S1,l,1,1-phase,35,10.67,-119.1481807,46.6999685,100,l2802481,P0421,292,89,1p_1/0_axnj_db_A
P0426,n1142103,S1,n,3,3-phase,40,12.19,-119.1444476,46.70910746,101,m1108493,P0422,122.1,37.22,3ph_h-397_acsr397_acsr397_acsr2/0_acsr_ABC
P0427,m1108492,S1,m,1,1-phase,35,10.67,-119.1429836,46.7070957,101,m1108489,P0423,80.7,24.6,1ph-2_acsrxx2_acsr_A
P0428,n1142101,S1,n,1,1-phase,35,10.67,-119.1434971,46.70694986,101,m1108489,P0423,47.3,14.42,1ph-2_acsrxx2_acsr_A
P0429,m1108464,S1,m,1,1-phase,35,10.67,-119.1475734,46.70285802,101,l3233413,P0424,152,46.33,1p_1/0_axnj_db_B
P0430,m1089183,S1,m,3,3-phase,40,12.19,-119.1560193,46.70024728,101,221-312488,,44.3,13.5,3ph_h-2/0_acsr2/0_acsr2/0_acsr2_acsr_ABC
P0431,m1108393,S1,m,1,1-phase,35,10.67,-119.1482517,46.70004992,101,l3214549,P0425,26.3,8.02,1p_1/0_axnj_db_A
P0432,l3104830,S1,l,3,3-phase,40,12.19,-119.1445376,46.70924862,102,n1142103,P0426,36.7,11.19,3ph_h-397_acsr397_acsr397_acsr2/0_acsr_ABC
P0433,n1142102,S1,n,1,1-phase,35,10.67,-119.1428848,46.70716,102,m1108492,P0427,24,7.32,1ph-4_acsrxx4_acsr_A
P0434,l2936214,S1,l,1,1-phase,35,10.67,-119.1441168,46.70705784,102,n1142101,P0428,121.2,36.94,1ph-2_acsrxx2_acsr_A
P0435,l3102286,S1,l,1,1-phase,35,10.67,-119.1483682,46.7021277,102,m1108464,P0429,352.6,107.47,1p_1/0_axnj_db_B
P0436,l2990826,S1,l,3,3-phase,40,12.19,-119.1566506,46.7004649,102,m1089183,P0430,170.9,52.09,3ph_h-2/0_acsr2/0_acsr2/0_acsr2_acsr_ABC
P0437,n1142104,S1,n,3,3-phase,40,12.19,-119.1447609,46.71029646,103,l3104830,P0432,244.3,74.46,3ph_h-397_acsr397_acsr397_acsr2/0_acsr_ABC
P0438,l2804956,S1,l,1,1-phase,35,10.67,-119.1421751,46.70762168,103,n1142102,P0433,172.4,52.55,1ph-4_acsrxx4_acsr_A
P0439,m1108433,S1,m,1,1-phase,35,10.67,-119.1482486,46.70168304,103,l3102286,P0435,128.1,39.04,1p_1/0_axnj_db_B
P0440,l2990827,S1,l,3,3-phase,40,12.19,-119.1584367,46.70088674,103,l2990826,P0436,521.5,158.95,3ph_h-2/0_acsr2/0_acsr2/0_acsr2_acsr_ABC
P0441,m1108500,S1,m,3,3-phase,40,12.19,-119.1448811,46.7109387,104,n1142104,P0437,149.2,45.48,3ph_h-397_acsr397_acsr397_acsr2/0_acsr_ABC
P0442,l2990828,S1,l,3,3-phase,40,12.19,-119.1605254,46.70132234,104,l2990827,P0440,0,0,
P0443,m1108505,S1,m,3,3-phase,40,12.19,-119.1449483,46.71129776,105,m1108500,P0441,83.4,25.42,3ph_h-397_acsr397_acsr397_acsr2/0_acsr_ABC
P0444,l2841619,S1,l,3,3-phase,40,12.19,-119.1620325,46.70178288,105,l2990828,P0442,700.8,213.6,3ph_h-2/0_acsr2/0_acsr2/0_acsr2_acsr_ABC
P0445,l2955047,S1,l,3,3-phase,40,12.19,-119.1451675,46.71205574,106,m1108505,P0443,179,54.56,3ph_h-397_acsr397_acsr397_acsr2/0_acsr_ABC
P0446,p901946,S1,p,1,1-phase,35,10.67,-119.1448863,46.7113075,106,m1108505,P0443,12.1,3.69,1ph-4_acsrxx4_acsr_A
P0447,m1089189,S1,m,3,3-phase,40,12.19,-119.1633078,46.7015786,106,l2841619,P0444,260.4,79.37,3ph_h-2/0_acsr2/0_acsr2/0_acsr2_acsr_ABC
P0448,l2785515,S1,l,1,1-phase,35,10.67,-119.1623277,46.70342678,106,l2841619,P0444,382.1,116.46,1ph-xx4_wpal4_wpal_C
P0449,l3179646,S1,l,3,3-phase,40,12.19,-119.1453349,46.71272228,107,l2955047,P0445,156.3,47.64,3ph_h-397_acsr397_acsr397_acsr2/0_acsr_ABC
P0450,n1142105,S1,n,1,1-phase,35,10.67,-119.1448267,46.71131688,107,p901946,P0446,11.6,3.54,1ph-4_acsrxx4_acsr_A
P0451,m1089188,S1,m,3,3-phase,40,12.19,-119.1644398,46.70149744,107,m1089189,P0447,217.6,66.32,3ph_h-2/0_acsr2/0_acsr2/0_acsr2_acsr_ABC
P0452,l2674027,S1,l,3,3-phase,40,12.19,-119.1456181,46.71336678,108,l3179646,P0449,253.8,77.36,3ph_h-397_acsr397_acsr397_acsr2/0_acsr_ABC
P0453,l3027122,S1,l,1,1-phase,35,10.67,-119.1446318,46.71134758,108,n1142105,P0450,38,11.58,1ph-4_acsrxx4_acsr_A
P0454,m1089187,S1,m,3,3-phase,40,12.19,-119.164494,46.69696638,108,m1089188,P0451,635.9,193.82,3ph_h-2/0_acsr2/0_acsr2/0_acsr2_acsr_ABC
P0455,l2673306,S1,l,1,1-phase,35,10.67,-119.1641079,46.70254348,108,m1089188,P0451,248.5,75.74,1ph-xx2_acsr2_acsr_C
P0456,l2692633,S1,l,3,3-phase,40,12.19,-119.1457813,46.71374022,109,l2674027,P0452,222.7,67.88,3ph_h-397_acsr397_acsr397_acsr2/0_acsr_ABC
P0457,m1108506,S1,m,1,1-phase,35,10.67,-119.1445099,46.7113322,109,l3027122,P0453,23.6,7.19,1ph-4_acsrxx4_acsr_A
P0458,m1089186,S1,m,3,3-phase,40,12.19,-119.1636585,46.69740198,109,m1089187,P0454,180.2,54.92,3ph_h-2/0_acsr2/0_acsr2/0_acsr2_acsr_ABC
P0459,l2822863,S1,l,3,3-phase,40,12.19,-119.1645311,46.69513762,109,m1089187,P0454,1096.7,334.27,3ph_h-2/0_acsr2/0_acsr2/0_acsr2_acsr_ABC
P0460,m1108501,S1,m,1,1-phase,35,10.67,-119.1431848,46.71110774,110,m1108506,P0457,258.9,78.91,1ph-4_acsrxx4_acsr_A
P0461,m1089der480-1,S1,m,3,3-phase,40,12.19,-119.1626142,46.69740198,110,m1089186,P0458,0,0,
P0462,m1089177,S1,m,3,3-phase,40,12.19,-119.1645831,46.6932248,110,l2822863,P0459,439.3,133.9,3ph_h-2/0_acsr2/0_acsr2/0_acsr2_acsr_ABC
P0463,l2692635,S1,l,3,3-phase,40,12.19,-119.1459565,46.71460796,111,d5578300-1_int,,0,0,
P0464,m1108499,S1,m,1,1-phase,35,10.67,-119.1422379,46.71088834,111,m1108501,P0460,188.2,57.36,1ph-4_acsrxx4_acsr_A
P0465,m1089-lng1,S1,m,3,3-phase,40,12.19,-119.162092,46.69740198,111,m1089der480-1,P0461,0,0,
P0466,e182723,S1,e,3,3-phase,40,12.19,-119.1646049,46.69252118,111,m1089177,P0462,161.6,49.26,3ph_h-2/0_acsr2/0_acsr2/0_acsr2_acsr_ABC
P0467,l2729406,S1,l,1,1-phase,35,10.67,-119.1622276,46.69321048,111,m1089177,P0462,451.9,137.74,1ph-xx4_acsr4_acsr_C
P0468,m1108507,S1,m,1,1-phase,35,10.67,-119.1423407,46.71177276,112,m1108499,P0464,204,62.18,1ph-2_acsrxx2_acsr_A
P0469,l3065665,S1,l,1,1-phase,35,10.67,-119.1421799,46.71037264,112,m1108499,P0464,118.9,36.24,1ph-4_acsrxx4_acsr_A
P0470,l2897768,S1,l,1,1-phase,35,10.67,-119.1588923,46.6932728,112,l2729406,P0467,639,194.77,1ph-xx4_acsr4_acsr_C
P0471,l3108449,S1,l,1,1-phase,35,10.67,-119.1424166,46.71265912,113,m1108507,P0468,204,62.18,1ph-2_acsrxx2_acsr_A
P0472,l3235946,S1,l,1,1-phase,35,10.67,-119.1403261,46.71024946,113,l3065665,P0469,356.1,108.54,1ph-4_acsrxx4_acsr_A
P0473,m1126005,S1,m,1,1-phase,35,10.67,-119.1373392,46.71006764,114,l3235946,P0472,573.6,174.83,1ph-4_acsrxx4_acsr_A
P0474,l3011229,S1,l,1,1-phase,35,10.67,-119.1376813,46.70895282,115,m1126005,P0473,264.2,80.53,1ph-2_acsrxx2_acsr_A
P0475,l2767342,S1,l,1,1-phase,35,10.67,-119.1368537,46.7109768,115,m1126005,P0473,228.5,69.65,1ph-4_acsrxx4_acsr_A
P0476,m1108529,S1,m,3,3-phase,40,12.19,-119.1463925,46.7161684,116,q14734,,182,55.47,3ph_h-397_acsr397_acsr397_acsr2/0_acsr_ABC
P0477,l2748780,S1,l,1,1-phase,35,10.67,-119.1361378,46.71133952,116,l2767342,P0475,160.4,48.89,1ph-4_acsrxx4_acsr_A
P0478,p829796,S1,p,1,1-phase,35,10.67,-119.1462902,46.71618604,117,m1108529,P0476,20,6.1,1ph-xx4_acsr4_acsr_C
P0479,m1108532,S1,m,3,3-phase,40,12.19,-119.1467053,46.71640836,117,m1108529,P0476,81.4,24.81,3ph_h-397_acsr397_acsr397_acsr2/0_acsr_ABC
P0480,l2823544,S1,l,1,1-phase,35,10.67,-119.1353795,46.71209998,117,l2748780,P0477,227.1,69.22,1ph-4_acsrxx4_acsr_A
P0481,n1142107,S1,n,1,1-phase,35,10.67,-119.1458385,46.71626388,118,p829796,P0478,88.3,26.91,1ph-xx4_acsr4_acsr_C
P0482,p895082,S1,p,1,1-phase,35,10.67,-119.1468918,46.7163976,118,m1108532,P0479,35.8,10.91,1ph-x2_acsrx1/0_3w_cs_B
P0483,m1108535,S1,m,3,3-phase,40,12.19,-119.1480757,46.71708594,118,m1108532,P0479,305.1,92.99,3ph_h-397_acsr397_acsr397_acsr2/0_acsr_ABC
P0484,m1126016,S1,m,1,1-phase,35,10.67,-119.134862,46.71200568,118,l2823544,P0480,101.4,30.91,1ph-4_acsrxx4_acsr_A
P0485,l3101827,S1,l,1,1-phase,35,10.67,-119.1440103,46.71604896,119,n1142107,P0481,364.8,111.19,1ph-xx4_acsr4_acsr_C
P0486,n1142106,S1,n,1,1-phase,35,10.67,-119.1471781,46.71638106,119,p895082,P0482,54.9,16.73,1ph-x2_acsrx1/0_3w_cs_B
P0487,m1108534,S1,m,3,3-phase,40,12.19,-119.153102,46.71660926,119,m1108535,P0483,999.1,304.53,3ph_h-397_acsr397_acsr397_acsr2/0_acsr_ABC
P0488,l3195321,S1,l,1,1-phase,35,10.67,-119.134296,46.71117648,119,m1126016,P0484,219.1,66.78,1ph-2_acsrxx2_acsr_A
P0489,l3120534,S1,l,1,1-phase,35,10.67,-119.1342614,46.71208884,119,m1126016,P0484,116.6,35.54,1ph-4_acsrxx4_acsr_A
P0490,m1108540,S1,m,1,1-phase,35,10.67,-119.1431936,46.71807326,120,l3101827,P0485,493.8,150.51,1ph-xx4_acsr4_acsr_C
P0491,l2936213,S1,l,1,1-phase,35,10.67,-119.1476257,46.71635522,120,n1142106,P0486,85.9,26.18,1ph-x2_acsrx1/0_3w_cs_B
P0492,m1108526,S1,m,3,3-phase,40,12.19,-119.1551244,46.71588234,120,m1108534,P0487,421.8,128.56,3ph_h-397_acsr397_acsr397_acsr2/0_acsr_ABC
P0493,p901934,S1,p,1,1-phase,35,10.67,-119.1530249,46.71654496,120,m1108534,P0487,20.9,6.37,1ph-2_acsrxx2_acsr_A
P0494,m1126020,S1,m,1,1-phase,35,10.67,-119.1325005,46.71231944,120,l3120534,P0489,341.3,104.03,1ph-4_acsrxx4_acsr_A
P0495,l2955006,S1,l,1,1-phase,35,10.67,-119.1431676,46.71772282,121,m1108540,P0490,80.6,24.57,1ph-xx2_acsr2_acsr_C
P0496,l3235945,S1,l,1,1-phase,35,10.67,-119.1421825,46.71895782,121,m1108540,P0490,280.6,85.53,1ph-xx4_acsr4_acsr_C
P0497,m1108527,S1,m,1,1-phase,35,10.67,-119.1490374,46.71596084,121,l2936213,P0491,285.1,86.9,1ph-x2_acsrx2_acsr_B
P0498,m1089199,S1,m,3,3-phase,40,12.19,-119.1566918,46.71529394,121,m1108526,P0492,329.2,100.34,3ph_h-397_acsr397_acsr397_acsr2/0_acsr_ABC
P0499,p895075,S1,p,1,1-phase,35,10.67,-119.1550133,46.71578076,121,m1108526,P0492,31.6,9.63,1ph-xx2_acsr2_acsr_C
P0500,n1140517,S1,n,1,1-phase,35,10.67,-119.1528516,46.71640036,121,p901934,P0493,46.9,14.3,1ph-2_acsrxx2_acsr_A
P0501,m1126025,S1,m,1,1-phase,35,10.67,-119.1337277,46.7138077,121,m1126020,P0494,415.7,126.71,1ph-4_acsrxx4_acsr_A
P0502,m1126023,S1,m,1,1-phase,35,10.67,-119.1320994,46.71255744,121,m1126020,P0494,94.3,28.74,1ph-2_acsrxx2_acsr_A
P0503,l3101782,S1,l,1,1-phase,35,10.67,-119.1314358,46.71170202,121,m1126020,P0494,248.3,75.68,1ph-2_acsrxx2_acsr_A
P0504,l2692600,S1,l,1,1-phase,35,10.67,-119.1426144,46.71715598,122,l2955006,P0495,196.6,59.92,1ph-xx2_acsr2_acsr_C
P0505,l2842330,S1,l,1,1-phase,35,10.67,-119.1416373,46.7190039,122,l3235945,P0496,104.9,31.97,1ph-xx4_acsr4_acsr_C
P0506,l3141394,S1,l,1,1-phase,35,10.67,-119.1491002,46.71594328,122,m1108527,P0497,12.7,3.87,1ph-x2_acsrx2_acsr_B
P0507,m1089197,S1,m,3,3-phase,40,12.19,-119.1579491,46.71479544,122,m1089199,P0498,266.6,81.26,3ph_h-397_acsr397_acsr397_acsr2/0_acsr_ABC
P0508,m1108524,S1,m,1,1-phase,35,10.67,-119.1549508,46.71572356,122,p895075,P0499,17.8,5.43,1ph-xx2_acsr2_acsr_C
P0509,l3157718,S1,l,1,1-phase,35,10.67,-119.1525029,46.71505742,122,n1140517,P0500,332.2,101.25,1ph-2_acsrxx2_acsr_A
P0510,l2823545,S1,l,1,1-phase,35,10.67,-119.1339987,46.71456954,122,m1126025,P0501,182.4,55.6,1ph-4_acsrxx2_acsr_A
P0511,m1126017,S1,m,1,1-phase,35,10.67,-119.1309413,46.712037,122,m1126023,P0502,251.9,76.78,1ph-2_acsrxx2_acsr_A
P0512,l3086002,S1,l,1,1-phase,35,10.67,-119.1406802,46.71917548,123,l2842330,P0505,187.5,57.15,1ph-xx4_acsr4_acsr_C
P0513,m1089196,S1,m,3,3-phase,40,12.19,-119.1594916,46.71438908,123,m1089197,P0507,309.8,94.43,3ph_h-397_acsr397_acsr397_acsr2/0_acsr_ABC
P0514,p827498,S1,p,1,1-phase,35,10.67,-119.157856,46.71494916,123,m1089197,P0507,39.5,12.04,1ph-4_acsrxx4_acsr_A
P0515,n1136031,S1,n,1,1-phase,35,10.67,-119.1549468,46.7161866,123,m1108524,P0508,115.8,35.3,1ph-xx4_acsr4_acsr_C
P0516,m1108520,S1,m,1,1-phase,35,10.67,-119.1545174,46.71532714,123,m1108524,P0508,123.2,37.55,1ph-xx2_acsr2_acsr_C
P0517,l2748781,S1,l,1,1-phase,35,10.67,-119.1301543,46.71205742,123,m1126017,P0511,150.8,45.96,1ph-2_acsrxx2_acsr_A
P0518,m1126031,S1,m,1,1-phase,35,10.67,-119.1392299,46.71895742,124,l3086002,P0512,282.2,86.01,1ph-xx4_acsr4_acsr_C
P0519,m1089198,S1,m,3,3-phase,40,12.19,-119.1611829,46.7149737,124,m1089196,P0513,350.6,106.86,3ph_h-397_acsr397_acsr397_acsr2/0_acsr_ABC
P0520,n1136032,S1,n,1,1-phase,35,10.67,-119.1577697,46.7153876,124,p827498,P0514,105.3,32.1,1ph-4_acsrxx4_acsr_A
P0521,l3197625,S1,l,1,1-phase,35,10.67,-119.1545054,46.71694306,124,n1136031,P0515,193.1,58.86,1ph-xx4_acsr4_acsr_C
P0522,l2804277,S1,l,1,1-phase,35,10.67,-119.1535941,46.7153246,124,m1108520,P0516,176.8,53.89,1ph-xx2_acsr2_acsr_C
P0523,m1108514,S1,m,1,1-phase,35,10.67,-119.1545149,46.71393324,124,m1108520,P0516,320,97.54,1ph-xx2_acsr2_acsr_C
P0524,l2730107,S1,l,1,1-phase,35,10.67,-119.137504,46.7201959,125,m1126031,P0518,436,132.89,1ph-xx4_acsr4_acsr_C
P0525,l3179608,S1,l,1,1-phase,35,10.67,-119.1386593,46.71896356,125,m1126031,P0518,109.3,33.31,1ph-xx4_acsr4_acsr_C
P0526,m1089201,S1,m,3,3-phase,40,12.19,-119.1639043,46.71609086,125,m1089198,P0519,580.9,177.06,3ph_h-397_acsr397_acsr397_acsr2/0_acsr_ABC
P0527,m1089204,S1,m,1,1-phase,35,10.67,-119.1578424,46.71671698,125,n1136032,P0520,305.5,93.12,1ph-4_acsrxx4_acsr_A
P0528,m1108508,S1,m,1,1-phase,35,10.67,-119.1545115,46.71253932,125,m1108514,P0523,320,97.54,1ph-xx2_acsr2_acsr_C
P0529,m1089202,S1,m,3,3-phase,40,12.19,-119.1639657,46.71611664,126,m1089201,P0526,13.2,4.02,3ph_h-397_acsr397_acsr397_acsr2/0_acsr_ABC
P0530,l3010557,S1,l,1,1-phase,35,10.67,-119.1570899,46.71671132,126,m1089204,P0527,144.1,43.92,1ph-2_acsrxx2_acsr_A
P0531,l3157167,S1,l,1,1-phase,35,10.67,-119.1578604,46.71748532,126,m1089204,P0527,176.4,53.77,1ph-4_acsrxx4_acsr_A
P0532,l3097861,S1,l,1,1-phase,35,10.67,-119.1545121,46.71123254,126,m1108508,P0528,300,91.44,1ph-xx2_acsr2_acsr_C
P0533,m1089203,S1,m,3,3-phase,40,12.19,-119.1649298,46.71652184,127,m1089202,P0529,206.7,63,3ph_h-397_acsr397_acsr397_acsr2/0_acsr_ABC
P0534,l2785511,S1,l,1,1-phase,35,10.67,-119.1578905,46.71927732,127,l3157167,P0531,411.4,125.39,1ph-4_acsrxx4_acsr_A
P0535,m1089207,S1,m,3,3-phase,40,12.19,-119.165824,46.71680306,128,m1089203,P0533,183,55.78,3ph_h-397_acsr397_acsr397_acsr2/0_acsr_ABC
P0536,p895087,S1,p,1,1-phase,35,10.67,-119.1649109,46.71661148,128,m1089203,P0533,20.9,6.37,1ph-4_acsrxx4_acsr_A
P0537,l3160098,S1,l,3,3-phase,40,12.19,-119.1662037,46.71692316,129,m1089207,P0535,77.8,23.71,3ph_h-397_acsr397_acsr397_acsr2/0_acsr_ABC
P0538,m1089205,S1,m,1,1-phase,35,10.67,-119.1648864,46.71672796,129,p895087,P0536,27.2,8.29,1ph-4_acsrxx4_acsr_A
P0539,m1089213,S1,m,3,3-phase,40,12.19,-119.1680149,46.7170922,130,l3160098,P0537,349,106.38,3ph_h-397_acsr397_acsr397_acsr2/0_acsr_ABC
P0540,m1089200,S1,m,1,1-phase,35,10.67,-119.1652328,46.71597124,130,m1089205,P0538,201.2,61.33,1ph-4_wpalxx4_wpal_A
P0541,n1134472,S1,n,1,1-phase,35,10.67,-119.1648435,46.7169313,130,m1089205,P0538,47.4,14.45,1ph-4_acsrxx4_acsr_A
P0542,p895089,S1,p,1,1-phase,35,10.67,-119.1680325,46.7169594,131,m1089213,P0539,30.7,9.36,1ph-xx2_acsr2_acsr_C
P0543,l3118855,S1,l,3,3-phase,40,12.19,-119.1693944,46.717071,131,m1089213,P0539,264.2,80.53,3ph_h-397_acsr397_acsr397_acsr2/0_acsr_ABC
P0544,l2916602,S1,l,1,1-phase,35,10.67,-119.1656927,46.71596088,131,m1089200,P0540,88.1,26.85,1ph-4_acsrxx4_wpal_A
P0545,l2973148,S1,l,1,1-phase,35,10.67,-119.16311,46.71804172,131,n1134472,P0541,631.9,192.6,1ph-4_acsrxx4_acsr_A
P0546,l3235242,S1,l,1,1-phase,35,10.67,-119.1681465,46.71609992,132,p895089,P0542,198.5,60.5,1ph-xx2_acsr2_acsr_C
P0547,l3231255,S1,l,3,3-phase,40,12.19,-119.1702591,46.7170885,132,l3118855,P0543,165.6,50.47,3ph_h-397_acsr397_acsr397_acsr2/0_acsr_ABC
P0548,m1089195,S1,m,1,1-phase,35,10.67,-119.1683668,46.71414214,133,l3235242,P0546,451.5,137.62,1ph-xx2_acsr2_acsr_C
P0549,n1144663,S1,n,3,3-phase,40,12.19,-119.1706964,46.71713376,133,l3231255,P0547,84.4,25.73,3ph_h-397_acsr397_acsr397_acsr2/0_acsr_ABC
P0550,l3141393,S1,l,1,1-phase,35,10.67,-119.1702978,46.71410878,134,m1089195,P0548,369.9,112.75,1ph-xx2_acsr2_acsr_C
P0551,m1089215,S1,m,3,3-phase,40,12.19,-119.1711294,46.71717862,134,n1144663,P0549,83.5,25.45,3ph_h-397_acsr397_acsr397_acsr2/0_acsr_ABC
P0552,m1089220,S1,m,3,3-phase,40,12.19,-119.1709691,46.71874612,135,m1089215,P0551,289.9,88.36,3ph_h-2/0_acsr2/0_acsr2/0_acsr2_acsr_ABC
P0553,n1134474,S1,n,3,3-phase,40,12.19,-119.1719072,46.7172482,135,m1089215,P0551,149.8,45.66,3ph_h-397_acsr397_acsr397_acsr2/0_acsr_ABC
P0554,m1089der480-2,S1,m,3,3-phase,40,12.19,-119.1704469,46.71874612,136,m1089220,P0552,0,0,
P0555,m1069496,S1,m,3,3-phase,40,12.19,-119.1728749,46.71733474,136,n1134474,P0553,186.4,56.81,3ph_h-397_acsr397_acsr397_acsr2/0_acsr_ABC
P0556,m1089-dies1,S1,m,3,3-phase,40,12.19,-119.1699247,46.71874612,137,m1089der480-2,P0554,0,0,
P0557,n1134475,S1,n,3,3-phase,40,12.19,-119.173895,46.71734242,137,m1069496,P0555,195.4,59.56,3ph_h-397_acsr397_acsr397_acsr2/0_acsr_ABC
P0558,m1069497,S1,m,3,3-phase,40,12.19,-119.1744659,46.71734668,138,n1134475,P0557,109.3,33.31,3ph_h-397_acsr397_acsr397_acsr2/0_acsr_ABC
P0559,m1069495,S1,m,3,3-phase,40,12.19,-119.1747193,46.71729196,139,m1069497,P0558,50.1,15.27,3ph_h-397_acsr397_acsr397_acsr2/0_acsr_ABC
P0560,m1069498,S1,m,3,3-phase,40,12.19,-119.1748332,46.71742112,140,m1069495,P0559,36.8,11.22,3ph_h-397_acsr397_acsr397_acsr2/0_acsr_ABC
P0561,m1069499,S1,m,3,3-phase,40,12.19,-119.1761065,46.71833932,141,m1069498,P0560,322.3,98.24,3ph_h-397_acsr397_acsr397_acsr2/0_acsr_ABC
P0562,n1134476,S1,n,3,3-phase,40,12.19,-119.1765274,46.71867106,142,m1069499,P0561,110.9,33.8,3ph_h-397_acsr397_acsr397_acsr2/0_acsr_ABC
P0563,l3066814,S1,l,3,3-phase,40,12.19,-119.1770243,46.7190627,143,n1134476,P0562,130.9,39.9,3ph_h-397_acsr397_acsr397_acsr2/0_acsr_ABC
P0564,n1134477,S1,n,3,3-phase,40,12.19,-119.1771987,46.71920558,144,l3066814,P0563,46.8,14.26,3ph_h-397_acsr397_acsr397_acsr2/0_acsr_ABC
